Date,Ad Breaks (Minutes),Ad Time (Seconds) Per Hour,Average Viewers,Chat Messages,Chatters,Clip Views,Clips Created,Follows,Hosts and Raids Viewers (%),Live Views,Max Viewers,Minutes Watched,Minutes Streamed,Unique Viewers,Sub Revenue,Prime Revenue,Gifted Subs Revenue,Bits Revenue,Ad Revenue,Extensions Revenue,Prime Subs,Total Paid Subs,Tier 1 subs,Tier 2 subs,Tier 3 subs,Total Gifted Subs,Gifted Tier 1 subs
Fri May 01 2020,0,0,0,0,0,0,0,1,0,1,0,0,0,1,0,0,0,0,0,0,0,0,0,0,0,0,0
Sat May 02 2020,0,0,0,0,0,0,0,0,0,0,0,0,0,0,0,0,0,0,0,0,0,0,0,0,0,0,0
Sun May 03 2020,0,0,0,0,0,0,0,0,0,0,0,0,0,0,0,0,0,0,0,0,0,0,0,0,0,0,0
Mon May 04 2020,0,0,0,0,0,0,0,0,0,0,0,0,0,0,0,0,0,0,0,0,0,0,0,0,0,0,0
Tue May 05 2020,0,0,0,0,0,0,0,0,0,0,0,0,0,0,0,0,0,0,0,0,0,0,0,0,0,0,0
Wed May 06 2020,0,0,0,0,0,0,0,0,0,0,0,0,0,0,0,0,0,0,0,0,0,0,0,0,0,0,0
Thu May 07 2020,0,0,0,0,0,0,0,0,0,0,0,0,0,0,0,0,0,0,0,0,0,0,0,0,0,0,0
Fri May 08 2020,0,0,0,0,0,0,0,0,0,0,0,0,0,0,0,0,0,0,0,0,0,0,0,0,0,0,0
Sat May 09 2020,0,0,6.59,228,8,0,0,3,48.53,47,12,1292,197,27,0,0,0,0,0,0,0,0,0,0,0,0,0
Sun May 10 2020,0,0,1.8,140,7,0,0,0,1.43,37,6,558,310,28,0,0,0,0,0,0,0,0,0,0,0,0,0
Mon May 11 2020,0,0,0,0,0,0,0,0,0,0,0,0,0,0,0,0,0,0,0,0,0,0,0,0,0,0,0
Tue May 12 2020,0,0,0,0,0,0,0,0,0,0,0,0,0,0,0,0,0,0,0,0,0,0,0,0,0,0,0
Wed May 13 2020,0,0,0,0,0,0,0,0,0,0,0,0,0,0,0,0,0,0,0,0,0,0,0,0,0,0,0
Thu May 14 2020,0,0,0,0,0,0,0,0,0,0,0,0,0,0,0,0,0,0,0,0,0,0,0,0,0,0,0
Fri May 15 2020,0,0,0,0,0,0,0,0,0,0,0,0,0,0,0,0,0,0,0,0,0,0,0,0,0,0,0
Sat May 16 2020,0,0,0,0,0,0,0,0,0,0,0,0,0,0,0,0,0,0,0,0,0,0,0,0,0,0,0
Sun May 17 2020,0,0,0,0,0,0,0,0,0,0,0,0,0,0,0,0,0,0,0,0,0,0,0,0,0,0,0
Mon May 18 2020,0,0,0.93,27,5,0,0,0,0,19,3,198,214,14,0,0,0,0,0,0,0,0,0,0,0,0,0
Tue May 19 2020,0,0,0,0,0,0,0,0,0,0,0,0,0,0,0,0,0,0,0,0,0,0,0,0,0,0,0
Wed May 20 2020,0,0,0,0,0,0,0,0,0,0,0,0,0,0,0,0,0,0,0,0,0,0,0,0,0,0,0
Thu May 21 2020,0,0,0,0,0,0,0,0,0,0,0,0,0,0,0,0,0,0,0,0,0,0,0,0,0,0,0
Fri May 22 2020,0,0,0,0,0,0,0,0,0,0,0,0,0,0,0,0,0,0,0,0,0,0,0,0,0,0,0
Sat May 23 2020,0,0,0,0,0,0,0,0,0,0,0,0,0,0,0,0,0,0,0,0,0,0,0,0,0,0,0
Sun May 24 2020,0,0,2.58,150,6,0,1,2,0.12,40,6,860,332,22,0,0,0,0,0,0,0,0,0,0,0,0,0
Mon May 25 2020,0,0,1.21,41,3,0,0,0,0,19,5,167,137,8,0,0,0,0,0,0,0,0,0,0,0,0,0
Tue May 26 2020,0,0,0,0,0,0,0,0,0,0,0,0,0,0,0,0,0,0,0,0,0,0,0,0,0,0,0
Wed May 27 2020,0,0,0,0,0,0,0,0,0,0,0,0,0,0,0,0,0,0,0,0,0,0,0,0,0,0,0
Thu May 28 2020,0,0,1.48,83,3,0,0,0,0,12,2,95,64,5,0,0,0,0,0,0,0,0,0,0,0,0,0
Fri May 29 2020,0,0,2.61,566,5,0,0,1,1.72,44,7,990,380,25,0,0,0,0,0,0,0,0,0,0,0,0,0
Sat May 30 2020,0,0,2.85,26,2,0,0,1,0,10,5,134,48,6,0,0,0,0,0,0,0,0,0,0,0,0,0
Sun May 31 2020,0,0,2.7,276,4,0,0,0,0,24,5,565,209,13,0,0,0,0,0,0,0,0,0,0,0,0,0
Mon Jun 01 2020,0,0,0,0,0,0,0,1,0,0,0,0,0,0,0,0,0,0,0,0,0,0,0,0,0,0,0
Tue Jun 02 2020,0,0,0,0,0,0,0,0,0,0,0,0,0,0,0,0,0,0,0,0,0,0,0,0,0,0,0
Wed Jun 03 2020,0,0,2.44,410,3,0,0,0,0,25,4,755,307,12,0,0,0,0,0,0,0,0,0,0,0,0,0
Thu Jun 04 2020,0,0,0,0,0,0,0,0,0,0,0,0,0,0,0,0,0,0,0,0,0,0,0,0,0,0,0
Fri Jun 05 2020,0,0,5.25,419,6,1,0,2,0,31,9,1018,194,19,0,0,0,0,0,0,0,0,0,0,0,0,0
Sat Jun 06 2020,0,0,4.08,24,3,0,0,0,0,3,5,355,87,3,0,0,0,0,0,0,0,0,0,0,0,0,0
Sun Jun 07 2020,0,0,2.17,6,2,0,0,0,1,11,4,300,137,9,0,0,0,0,0,0,0,0,0,0,0,0,0
Mon Jun 08 2020,0,0,1.59,8,1,0,0,0,0,3,3,54,33,3,0,0,0,0,0,0,0,0,0,0,0,0,0
Tue Jun 09 2020,0,0,0,1,1,0,0,1,0,0,0,0,0,0,0,0,0,0,0,0,0,0,0,0,0,0,0
Wed Jun 10 2020,0,0,2.23,45,3,0,0,2,0,26,5,430,191,16,0,0,0,0,0,0,0,0,0,0,0,0,0
Thu Jun 11 2020,0,0,0,0,0,0,0,0,0,0,0,0,0,0,0,0,0,0,0,0,0,0,0,0,0,0,0
Fri Jun 12 2020,0,0,0,0,0,0,0,0,0,0,0,0,0,0,0,0,0,0,0,0,0,0,0,0,0,0,0
Sat Jun 13 2020,0,0,0,0,0,0,0,0,0,0,0,0,0,0,0,0,0,0,0,0,0,0,0,0,0,0,0
Sun Jun 14 2020,0,0,3.11,347,12,0,0,1,0.72,95,10,1803,573,39,0,0,0,0,0,0,0,0,0,0,0,0,0
Mon Jun 15 2020,0,0,0,0,0,0,0,1,0,0,0,0,0,0,0,0,0,0,0,0,0,0,0,0,0,0,0
Tue Jun 16 2020,0,0,0,0,0,0,0,0,0,0,0,0,0,0,0,0,0,0,0,0,0,0,0,0,0,0,0
Wed Jun 17 2020,0,0,0,0,0,0,0,0,0,0,0,0,0,0,0,0,0,0,0,0,0,0,0,0,0,0,0
Thu Jun 18 2020,0,0,2.92,394,10,0,0,0,0.08,51,9,1231,421,20,0,0,0,0,0,0,0,0,0,0,0,0,0
Fri Jun 19 2020,0,0,0,0,0,0,0,1,0,0,0,0,0,0,0,0,0,0,0,0,0,0,0,0,0,0,0
Sat Jun 20 2020,0,0,0.43,19,3,0,0,0,0,9,2,75,173,8,0,0,0,0,0,0,0,0,0,0,0,0,0
Sun Jun 21 2020,0,0,1.37,51,12,0,0,6,22.38,73,7,420,306,48,0,0,0,0,0,0,0,0,0,0,0,0,0
Mon Jun 22 2020,0,0,0,0,0,0,0,0,0,0,0,0,0,0,0,0,0,0,0,0,0,0,0,0,0,0,0
Tue Jun 23 2020,0,0,0,0,0,0,0,1,0,0,0,0,0,0,0,0,0,0,0,0,0,0,0,0,0,0,0
Wed Jun 24 2020,0,0,0,0,0,0,0,0,0,0,0,0,0,0,0,0,0,0,0,0,0,0,0,0,0,0,0
Thu Jun 25 2020,0,0,0,0,0,0,0,0,0,0,0,0,0,0,0,0,0,0,0,0,0,0,0,0,0,0,0
Fri Jun 26 2020,0,0,0,0,0,0,0,0,0,0,0,0,0,0,0,0,0,0,0,0,0,0,0,0,0,0,0
Sat Jun 27 2020,0,0,3.21,241,6,0,0,0,0,31,6,1266,392,20,0,0,0,0,0,0,0,0,0,0,0,0,0
Sun Jun 28 2020,0,0,0,0,0,0,0,3,0,0,0,0,0,0,0,0,0,0,0,0,0,0,0,0,0,0,0
Mon Jun 29 2020,0,0,2.37,224,7,10,5,2,0,44,5,771,323,17,0,0,0,0,0,0,0,0,0,0,0,0,0
Tue Jun 30 2020,0,0,0,0,0,2,0,0,0,0,0,0,0,0,0,0,0,0,0,0,0,0,0,0,0,0,0
Wed Jul 01 2020,0,0,0,0,0,0,0,2,0,0,0,0,0,0,0,0,0,0,0,0,0,0,0,0,0,0,0
Thu Jul 02 2020,0,0,0,0,0,0,0,0,0,0,0,0,0,0,0,0,0,0,0,0,0,0,0,0,0,0,0
Fri Jul 03 2020,0,0,2.52,266,4,0,0,2,0,35,5,589,234,21,0,0,0,0,0,0,0,0,0,0,0,0,0
Sat Jul 04 2020,0,0,0,0,0,0,0,0,0,0,0,0,0,0,0,0,0,0,0,0,0,0,0,0,0,0,0
Sun Jul 05 2020,0,0,3.91,286,8,0,0,4,0,62,9,1177,301,46,0,0,0,0,0,0,0,0,0,0,0,0,0
Mon Jul 06 2020,0,0,4.35,91,5,0,0,0,0.24,55,9,1675,385,30,0,0,0,0,0,0,0,0,0,0,0,0,0
Tue Jul 07 2020,0,0,5.19,405,7,0,0,4,0.64,29,9,934,178,18,0,0,0,0,0,0,0,0,0,0,0,0,0
Wed Jul 08 2020,0,0,5.14,263,9,0,0,0,19.29,44,9,1213,237,23,0,0,0,0,0,0,0,0,0,0,0,0,0
Thu Jul 09 2020,0,0,0,0,0,0,0,0,0,0,0,0,0,0,0,0,0,0,0,0,0,0,0,0,0,0,0
Fri Jul 10 2020,0,0,2.25,113,7,0,0,2,0.24,36,6,420,187,20,0,0,0,0,0.0315,0,0,0,0,0,0,0,0
Sat Jul 11 2020,0,0,3,83,9,0,0,3,0,41,7,609,203,27,4.69,2.495,0,0,0.014,0,1,2,2,0,0,0,0
Sun Jul 12 2020,0,0,0,0,0,0,0,0,0,0,0,0,0,0,0,0,0,0,0,0,0,0,0,0,0,0,0
Mon Jul 13 2020,0,0,5.45,306,8,0,0,1,0,48,9,1526,280,23,0,0,0,0,0.014,0,0,0,0,0,0,0,0
Tue Jul 14 2020,0,0,3.02,101,8,0,0,0,11.54,25,10,338,111,14,0,0,0,0,0.014,0,0,0,0,0,0,0,0
Wed Jul 15 2020,0,0,0,0,0,0,0,0,0,0,0,0,0,0,0,2.495,0,1,0,0.08,1,0,0,0,0,0,0
Thu Jul 16 2020,0,0,4.56,118,6,0,0,0,0,16,8,278,61,10,0,0,0,0,0.007,0,0,0,0,0,0,0,0
Fri Jul 17 2020,0,0,4.55,346,10,0,0,0,0.07,37,9,1346,296,19,0,0,0,0,0.0105,0,0,0,0,0,0,0,0
Sat Jul 18 2020,0,0,2.49,208,6,0,0,0,0,24,6,588,236,18,0,2.495,0,0.3,0.007,0.96,1,0,0,0,0,0,0
Sun Jul 19 2020,0,0,2.73,116,6,0,0,1,0,34,5,431,157,17,0,0,0,0,0.0035,0,0,0,0,0,0,0,0
Mon Jul 20 2020,0,0,0,0,0,0,0,0,0,0,0,0,0,0,2.38,0,12.12,0,0,0.16,0,1,1,0,0,5,5
Tue Jul 21 2020,0,0,4.28,65,6,0,0,0,0,22,8,535,125,18,0,0,0,0,0,0,0,0,0,0,0,0,0
Wed Jul 22 2020,0,0,0,0,0,0,0,0,0,4,0,0,0,1,0,0,0,0,0,0.08,0,0,0,0,0,0,0
Thu Jul 23 2020,0,0,0,0,0,0,0,0,0,0,0,0,0,0,0,0,0,0,0,0,0,0,0,0,0,0,0
Fri Jul 24 2020,0,0,0,0,0,0,0,0,0,0,0,0,0,0,0,0,0,0,0,0,0,0,0,0,0,0,0
Sat Jul 25 2020,0,0,2.3,100,5,0,0,1,0,14,5,241,105,9,2.145,0,0,0,0.0035,0,0,1,1,0,0,0,0
Sun Jul 26 2020,0,0,3.64,113,6,0,0,1,18.08,35,10,929,255,25,0,0,0,0,0.014,0,0,0,0,0,0,0,0
Mon Jul 27 2020,0,0,0,0,0,0,0,0,0,0,0,0,0,0,0,0,0,0,0,0,0,0,0,0,0,0,0
Tue Jul 28 2020,0,0,2.25,30,3,0,2,0,0.85,14,5,117,52,11,0,0,0,0,0,0.8,0,0,0,0,0,0,0
Wed Jul 29 2020,0,0,4.54,73,6,0,0,1,0,20,8,454,100,15,0,0,0,0,0.0105,0,0,0,0,0,0,0,0
Thu Jul 30 2020,0,0,0,0,0,0,0,0,0,0,0,0,0,0,0,0,0,0,0,1.6,0,0,0,0,0,0,0
Fri Jul 31 2020,0,0,1.33,311,13,0,0,1,6.04,59,9,480,361,22,0,0,0,0,0.0105,0,0,0,0,0,0,0,0
Sat Aug 01 2020,0,0,3.17,173,7,0,0,1,0,14,5,371,117,11,0,0,0,0,0.007,0,0,0,0,0,0,0,0
Sun Aug 02 2020,0,0,2.9,136,5,0,0,0,0,55,7,988,341,33,0,0,12.12,0,0.0315,0.8,0,0,0,0,0,5,5
Mon Aug 03 2020,0,0,0,0,0,0,0,0,0,0,0,0,0,0,0,0,0,0,0,0,0,0,0,0,0,0,0
Tue Aug 04 2020,0,0,2.36,363,11,0,0,2,0,42,5,480,203,26,0,0,0,0,0.0035,0,0,0,0,0,0,0,0
Wed Aug 05 2020,0,0,0,0,0,0,0,2,0,0,0,0,0,0,0,0,0,0,0,2.4,0,0,0,0,0,0,0
Thu Aug 06 2020,0,0,0,0,0,0,0,0,0,0,0,0,0,0,0,0,0,0,0,0,0,0,0,0,0,0,0
Fri Aug 07 2020,0,0,3.27,175,10,0,0,1,0,30,7,461,140,20,0,0,0,0,0.0105,0.8,0,0,0,0,0,0,0
Sat Aug 08 2020,0,0,4.64,707,17,0,0,3,0.57,77,10,1929,416,41,0,0,0,0,0.007,0,0,0,0,0,0,0,0
Sun Aug 09 2020,0,0,6.84,268,8,0,1,1,0,36,9,650,95,12,0,0,4.49,0,0.0035,0.8,0,0,0,0,0,2,2
Mon Aug 10 2020,0,0,5.44,552,15,0,0,3,3.41,65,14,1350,248,35,0,0,0,0,0.014,0.8,0,0,0,0,0,0,0
Tue Aug 11 2020,0,0,5.31,601,10,0,0,1,0,45,9,1424,268,27,7.07,0,0,0,0,0,0,3,3,0,0,0,0
Wed Aug 12 2020,0,0,6.6,96,10,0,0,0,0,8,10,231,35,7,0,0,0,0,0.007,0.8,0,0,0,0,0,0,0
Thu Aug 13 2020,0,0,4.68,626,23,0,3,5,1.23,107,10,2119,453,51,0,0,0,0,0.028,0.8,0,0,0,0,0,0,0
Fri Aug 14 2020,0,0,5.9,162,7,0,0,4,1,10,11,301,51,8,0,0,0,0,0.007,0,0,0,0,0,0,0,0
Sat Aug 15 2020,0,0,3.58,104,8,0,0,3,0,20,7,118,33,15,0,0,0,0,0.007,0,0,0,0,0,0,0,0
Sun Aug 16 2020,0,0,4.48,714,20,0,4,1,0,60,9,1304,291,37,4.59,0,14.35,3,0.021,0,0,2,2,0,0,6,6
Mon Aug 17 2020,0,0,0,0,0,0,0,0,0,0,0,0,0,0,0,0,0,0,0,0,0,0,0,0,0,0,0
Tue Aug 18 2020,0,0,0,8,2,3,0,0,0,0,0,0,0,0,0,0,0,0,0,0,0,0,0,0,0,0,0
Wed Aug 19 2020,0,0,0,0,0,0,0,0,0,0,0,0,0,0,0,0,0,0,0,0,0,0,0,0,0,0,0
Thu Aug 20 2020,0,0,3.84,204,12,0,0,1,2.41,31,11,706,184,21,2.495,2.495,0,1.16,0.014,0,1,1,1,0,0,0,0
Fri Aug 21 2020,0,0,4.14,263,16,0,0,6,2.28,100,9,1357,328,30,0,0,0,0,0.042,0,0,0,0,0,0,0,0
Sat Aug 22 2020,0,0,5.33,32,7,0,0,0,0,7,7,112,21,3,2.38,0,0,0.04,0.0035,4,0,1,1,0,0,0,0
Sun Aug 23 2020,0,0,7.2,395,19,0,0,4,15.82,87,14,1713,238,55,0,0,0,0,0.035,0,0,0,0,0,0,0,0
Mon Aug 24 2020,0,0,0,0,0,0,0,1,0,0,0,0,0,0,0,0,0,0,0.0035,0.8,0,0,0,0,0,0,0
Tue Aug 25 2020,0,0,0,0,0,0,0,0,0,0,0,0,0,0,0,0,0,0,0,0,0,0,0,0,0,0,0
Wed Aug 26 2020,0,0,2.81,104,6,0,0,0,0,19,6,309,110,16,0,0,0,0,0.0035,0,0,0,0,0,0,0,0
Thu Aug 27 2020,0,0,7.29,180,12,0,0,1,0,26,11,561,77,13,0,0,0,0,0.014,0,0,0,0,0,0,0,0
Fri Aug 28 2020,0,0,0,0,0,0,0,0,0,0,0,0,0,0,0,2.495,7.225,9.48,0,0,1,0,0,0,0,3,3
Sat Aug 29 2020,0,0,3.8,306,15,1,1,0,0,57,7,639,168,19,0,0,0,0,0.0175,0,0,0,0,0,0,0,0
Sun Aug 30 2020,0,0,6.74,299,18,4,0,5,0,65,11,1369,203,36,0,0,12.12,0,0.063,0.8,0,0,0,0,0,5,5
Mon Aug 31 2020,0,0,0,0,0,0,0,0,0,0,0,0,0,0,0,0,0,0,0.0035,0,0,0,0,0,0,0,0
Tue Sep 01 2020,0,0,0,0,0,0,0,2,0,0,0,0,0,0,0,0,0,0,0,0,0,0,0,0,0,0,0
Wed Sep 02 2020,0,0,0,0,0,0,0,0,0,0,0,0,0,0,0,0,0,0,0,0,0,0,0,0,0,0,0
Thu Sep 03 2020,0,0,0,0,0,0,0,0,0,0,0,0,0,0,0,0,0,0,0,0,0,0,0,0,0,0,0
Fri Sep 04 2020,0,0,5.61,665,15,0,1,2,1.81,86,11,1049,187,37,0,0,0,0,0.035,0,0,0,0,0,0,0,0
Sat Sep 05 2020,0,0,0,0,0,0,0,0,0,0,0,0,0,0,2.41,0,2.33,0.11,0,0.8,0,1,1,0,0,1,1
Sun Sep 06 2020,0,0,0,0,0,0,0,0,0,0,0,0,0,0,0,0,0,0,0,0,0,0,0,0,0,0,0
Mon Sep 07 2020,0,0,0,0,0,0,0,0,0,0,0,0,0,0,0,0,0,0,0,0,0,0,0,0,0,0,0
Tue Sep 08 2020,0,0,0,0,0,0,0,0,0,0,0,0,0,0,0,0,0,0,0,0,0,0,0,0,0,0,0
Wed Sep 09 2020,0,0,0,0,0,0,0,0,0,0,0,0,0,0,0,0,0,0,0,0,0,0,0,0,0,0,0
Thu Sep 10 2020,0,0,0,0,0,0,0,0,0,0,0,0,0,0,0,0,0,0,0,0,0,0,0,0,0,0,0
Fri Sep 11 2020,0,0,0.98,46,4,0,0,1,0,7,1,46,47,6,7.07,0,0,0,0,0,0,3,3,0,0,0,0
Sat Sep 12 2020,0,0,0,0,0,0,0,0,0,0,0,0,0,0,0,0,0,0,0.0035,0,0,0,0,0,0,0,0
Sun Sep 13 2020,0,0,0,0,0,0,0,0,0,0,0,0,0,0,0,0,0,0,0,0,0,0,0,0,0,0,0
Mon Sep 14 2020,0,0,0,0,0,0,0,0,0,0,0,0,0,0,0,0,0,0,0,0,0,0,0,0,0,0,0
Tue Sep 15 2020,0,0,0,0,0,0,0,0,0,0,0,0,0,0,0,0,0,0,0,0,0,0,0,0,0,0,0
Wed Sep 16 2020,0,0,0,0,0,0,0,0,0,0,0,0,0,0,0,0,0,0,0,0,0,0,0,0,0,0,0
Thu Sep 17 2020,0,0,0,0,0,0,0,0,0,0,0,0,0,0,0,0,0,0,0,0,0,0,0,0,0,0,0
Fri Sep 18 2020,0,0,0,0,0,0,0,0,0,0,0,0,0,0,0,0,0,0,0,0,0,0,0,0,0,0,0
Sat Sep 19 2020,0,0,0,0,0,0,0,0,0,0,0,0,0,0,0,0,0,0,0,0,0,0,0,0,0,0,0
Sun Sep 20 2020,0,0,0,0,0,0,0,0,0,0,0,0,0,0,2.38,0,0,0,0,0,0,1,1,0,0,0,0
Mon Sep 21 2020,0,0,0,0,0,0,0,0,0,0,0,0,0,0,0,0,0,0,0,0,0,0,0,0,0,0,0
Tue Sep 22 2020,0,0,0,0,0,0,0,0,0,0,0,0,0,0,2.38,0,0,0,0,0,0,1,1,0,0,0,0
Wed Sep 23 2020,0,0,3.69,556,15,0,0,2,55.45,42,10,761,206,27,0,0,0,0,0.0175,0,0,0,0,0,0,0,0
Thu Sep 24 2020,0,0,0,0,0,0,0,0,0,0,0,0,0,0,0,0,0,5,0,0,0,0,0,0,0,0,0
Fri Sep 25 2020,0,0,4.54,336,13,0,0,1,0.53,57,9,1125,248,32,0,0,0,0,0.0105,0,0,0,0,0,0,0,0
Sat Sep 26 2020,0,0,4.38,185,12,0,0,0,22.95,63,13,941,215,37,2.145,0,79.73,15,0.042,0,0,1,1,0,0,35,35
Sun Sep 27 2020,0,0,0,0,0,0,0,0,0,0,0,0,0,0,2.395,0,9.59,0,0,0,0,1,1,0,0,4,4
Mon Sep 28 2020,0,0,3.5,162,12,0,0,2,0,42,8,749,214,20,0,0,0,0,0.035,0,0,0,0,0,0,0,0
Tue Sep 29 2020,0,0,0,0,0,0,0,1,0,0,0,0,0,0,0,0,0,0,0.0035,0.8,0,0,0,0,0,0,0
Wed Sep 30 2020,0,0,0,0,0,0,0,1,0,0,0,0,0,0,2.395,0,0,0,0,0,0,1,1,0,0,0,0
Thu Oct 01 2020,0,0,0,0,0,0,0,2,0,0,0,0,0,0,0,0,0,0,0.0035,0,0,0,0,0,0,0,0
Fri Oct 02 2020,0,0,5.51,486,17,0,0,0,0,50,11,1988,361,32,2.1,0,0,0,0.035,0,0,1,1,0,0,0,0
Sat Oct 03 2020,0,0,5.4,482,14,0,0,1,14.26,50,11,1031,191,29,0,0,0,10,0.0245,1.6,0,0,0,0,0,0,0
Sun Oct 04 2020,0,0,3.83,83,6,0,0,2,5.57,11,8,287,75,6,0,0,0,5,0.0105,0,0,0,0,0,0,0,0
Mon Oct 05 2020,0,0,3.79,418,12,0,1,1,0,44,8,1015,268,21,2.415,0,0,0,0.021,0,0,1,1,0,0,0,0
Tue Oct 06 2020,0,0,0,0,0,0,0,0,0,0,0,0,0,0,0,0,0,0,0,1.6,0,0,0,0,0,0,0
Wed Oct 07 2020,0,0,3.88,232,9,0,0,1,6.96,36,10,718,185,20,0,0,0,0,0.021,0,0,0,0,0,0,0,0
Thu Oct 08 2020,0,0,0,0,0,0,0,0,0,0,0,0,0,0,0,0,0,0,0,0,0,0,0,0,0,0,0
Fri Oct 09 2020,0,0,0,0,0,0,0,0,0,0,0,0,0,0,0,0,0,0,0.0035,0,0,0,0,0,0,0,0
Sat Oct 10 2020,0,0,0,0,0,0,0,2,0,0,0,0,0,0,0,0,0,0,0,0,0,0,0,0,0,0,0
Sun Oct 11 2020,0,0,0,0,0,0,0,0,0,0,0,0,0,0,7.08,0,0,0,0,0,0,3,3,0,0,0,0
Mon Oct 12 2020,0,0,3.64,519,20,0,0,2,0,75,10,1444,397,41,0,0,0,0,0.0595,0.8,0,0,0,0,0,0,0
Tue Oct 13 2020,0,0,0,0,0,0,0,0,0,0,0,0,0,0,0,0,0,0,0,0,0,0,0,0,0,0,0
Wed Oct 14 2020,0,0,0,0,0,0,0,0,0,0,0,0,0,0,0,0,0,0,0,0,0,0,0,0,0,0,0
Thu Oct 15 2020,0,0,1.95,63,8,0,0,2,0,21,5,205,106,15,0,0,0,0,0.014,0,0,0,0,0,0,0,0
Fri Oct 16 2020,0,0,0,0,0,0,0,0,0,0,0,0,0,0,0,0,0,0,0,0,0,0,0,0,0,0,0
Sat Oct 17 2020,0,0,0,0,0,0,0,0,0,0,0,0,0,0,0,0,0,0,0,0,0,0,0,0,0,0,0
Sun Oct 18 2020,0,0,0,0,0,0,0,0,0,0,0,0,0,0,0,0,0,0,0,0,0,0,0,0,0,0,0
Mon Oct 19 2020,0,0,7.58,1296,23,1,2,1,0,68,14,1782,234,42,0,0,0,0,0.0105,0,0,0,0,0,0,0,0
Tue Oct 20 2020,0,0,0,0,0,4,0,0,0,0,0,0,0,0,6.885,0,195.505,6,0,1.2,0,2,1,1,0,86,86
Wed Oct 21 2020,0,0,2.09,331,13,0,0,1,1.46,39,9,548,261,30,0,0,0,0,0.0175,0,0,0,0,0,0,0,0
Thu Oct 22 2020,0,0,0,0,0,1,0,0,0,0,0,0,0,0,2.38,0,52.415,0,0.0035,1.2,0,1,1,0,0,25,25
Fri Oct 23 2020,0,0,2.5,304,12,0,0,1,10.05,40,7,557,223,25,0,0,0,0,0.0105,0,0,0,0,0,0,0,0
Sat Oct 24 2020,0,0,0,0,0,0,0,0,0,0,0,0,0,0,0,0,2.385,0,0,1.2,0,0,0,0,0,1,1
Sun Oct 25 2020,0,0,0,0,0,1,0,0,0,0,0,0,0,0,0,0,0,0,0,0,0,0,0,0,0,0,0
Mon Oct 26 2020,0,0,5.37,282,16,8,1,3,31.78,47,15,881,164,32,2.145,0,4.775,0,0.014,0,0,1,1,0,0,2,2
Tue Oct 27 2020,0,0,0,0,0,0,0,1,0,0,0,0,0,0,0,0,2.385,0,0,0,0,0,0,0,0,1,1
Wed Oct 28 2020,0,0,2.39,401,18,2,0,1,0,57,7,762,318,35,0,0,0,0,0.0315,0,0,0,0,0,0,0,0
Thu Oct 29 2020,0,0,0,0,0,0,0,1,0,0,0,0,0,0,0,0,0,1,0,0,0,0,0,0,0,0,0
Fri Oct 30 2020,0,0,5.15,1967,21,0,1,1,4.12,127,14,3085,599,57,2.43,0,0,0,0.084,0,0,1,1,0,0,0,0
Sat Oct 31 2020,0,0,6,87,6,2,0,1,0,5,9,186,31,4,2.33,0,8.39,0,0.007,1.6,0,1,1,0,0,4,4
Sun Nov 01 2020,0,0,7.73,1377,27,0,1,2,12.51,139,15,5261,681,82,0,0,0,0,0.056,0.8,0,0,0,0,0,0,0
Mon Nov 02 2020,0,0,9.16,731,33,1,0,6,25.09,102,14,3244,352,54,0,0,57.895,0,0.0525,0.8,0,0,0,0,0,26,26
Tue Nov 03 2020,0,0,0,0,0,0,0,0,0,2,0,0,0,2,0,0,0,0,0.0035,0,0,0,0,0,0,0,0
Wed Nov 04 2020,0,0,0,0,0,0,0,1,0,0,0,0,0,0,0,0,0,0,0,0,0,0,0,0,0,0,0
Thu Nov 05 2020,0,0,0,2,2,0,0,3,0,0,0,0,0,0,2.41,0,0,0,0.0035,0,0,1,1,0,0,0,0
Fri Nov 06 2020,0,0,0,0,0,0,0,0,0,0,0,0,0,0,0,0,0,0,0,0,0,0,0,0,0,0,0
Sat Nov 07 2020,0,0,4.87,991,16,0,0,0,0.91,59,10,1754,360,32,0,0,0,0,0.028,0,0,0,0,0,0,0,0
Sun Nov 08 2020,0,0,0,2,2,28,0,0,0,0,0,0,0,0,0,0,0,0,0,0,0,0,0,0,0,0,0
Mon Nov 09 2020,0,0,0,0,0,0,0,1,0,0,0,0,0,0,0,0,0,0,0,0,0,0,0,0,0,0,0
Tue Nov 10 2020,0,0,0,0,0,0,0,0,0,0,0,0,0,0,0,0,0,0,0,0,0,0,0,0,0,0,0
Wed Nov 11 2020,0,0,0,0,0,0,0,1,0,0,0,0,0,0,7.08,0,0,0,0,0,0,3,3,0,0,0,0
Thu Nov 12 2020,0,0,0,0,0,0,0,2,0,0,0,0,0,0,0,0,0,0,0.0245,0,0,0,0,0,0,0,0
Fri Nov 13 2020,0,0,7.64,1203,28,0,0,4,14.46,134,18,3016,395,86,0,2.495,0,0,0.098,0,1,0,0,0,0,0,0
Sat Nov 14 2020,0,0,0,0,0,0,0,0,0,0,0,0,0,0,0,2.495,12.12,0.06,0,0.8,1,0,0,0,0,5,5
Sun Nov 15 2020,0,0,0,0,0,0,0,1,0,0,0,0,0,0,0,0,0,0,0,0,0,0,0,0,0,0,0
Mon Nov 16 2020,0,0,5.96,769,17,0,1,1,0,46,10,1342,224,26,0,0,0,0,0.0105,0,0,0,0,0,0,0,0
Tue Nov 17 2020,0,0,0,0,0,0,0,0,0,0,0,0,0,0,0,0,0,5.05,0,0.4,0,0,0,0,0,0,0
Wed Nov 18 2020,0,0,5.83,233,15,0,0,1,0.13,44,10,776,134,25,0,0,0,0,0.0035,0,0,0,0,0,0,0,0
Thu Nov 19 2020,0,0,0,0,0,0,0,1,0,0,0,0,0,0,0,0,0,0,0.0035,0,0,0,0,0,0,0,0
Fri Nov 20 2020,0,0,5.73,633,26,0,0,2,18.45,116,29,2304,400,54,9.485,0,0,0,0.042,0,0,3,2,1,0,0,0
Sat Nov 21 2020,0,0,0,0,0,0,0,0,0,0,0,0,0,0,0,0,2.39,0,0.0035,0,0,0,0,0,0,1,1
Sun Nov 22 2020,0,0,0,0,0,0,0,1,0,0,0,0,0,0,4.7,0,0,0,0,0,0,2,2,0,0,0,0
Mon Nov 23 2020,0,0,6.4,583,11,0,0,1,0,51,13,1017,159,32,0,0,0,0,0.042,0,0,0,0,0,0,0,0
Tue Nov 24 2020,0,0,0,0,0,0,0,0,0,0,0,0,0,0,0,0,0,0,0,0,0,0,0,0,0,0,0
Wed Nov 25 2020,0,0,10.42,1333,39,0,1,9,7.2,204,24,4086,392,97,0,0,0,0,0.1225,0,0,0,0,0,0,0,0
Thu Nov 26 2020,0,0,0,0,0,0,0,0,0,0,0,0,0,0,2.32,0,0,0,0.007,0,0,1,1,0,0,0,0
Fri Nov 27 2020,0,0,8.26,1273,25,0,0,2,14.78,163,16,3585,434,100,0,0,0,0,0.0875,0,0,0,0,0,0,0,0
Sat Nov 28 2020,0,0,9,22,5,0,0,2,29.37,10,14,126,14,8,0,0,0,4,0.0035,0,0,0,0,0,0,0,0
Sun Nov 29 2020,0,0,0,0,0,0,0,0,0,0,0,0,0,0,0,0,0,0,0,0,0,0,0,0,0,0,0
Mon Nov 30 2020,0,0,12.48,395,21,2,2,2,0.05,93,24,1909,152,52,4.585,0,0,0,0.1085,0,0,2,2,0,0,0,0
Tue Dec 01 2020,0,0,0,0,0,3,0,1,0,0,0,0,0,0,2.32,0,0,0.1,0.0105,0,0,1,1,0,0,0,0
Wed Dec 02 2020,0,0,0,2,2,0,0,1,0,0,0,0,0,0,0,0,0,0,0.0035,0,0,0,0,0,0,0,0
Thu Dec 03 2020,0,0,0,0,0,0,0,1,0,0,0,0,0,0,0,0,0,0,0,0,0,0,0,0,0,0,0
Fri Dec 04 2020,0,0,8.12,1495,29,0,0,3,10.56,141,20,3247,401,70,0,0,0,0,0.119,0,0,0,0,0,0,0,0
Sat Dec 05 2020,0,0,0,0,0,0,0,1,0,0,0,0,0,0,9.225,0,65.475,1.45,0,0.8,0,4,4,0,0,27,27
Sun Dec 06 2020,0,0,6.74,634,20,0,0,1,11.88,94,11,1826,271,50,0,0,0,0,0.0805,0.8,0,0,0,0,0,0,0
Mon Dec 07 2020,0,0,0,0,0,0,0,0,0,0,0,0,0,0,0,0,2.28,0.95,0,0,0,0,0,0,0,1,1
Tue Dec 08 2020,0,0,0,0,0,0,0,0,0,0,0,0,0,0,0,0,0,0,0.0035,0,0,0,0,0,0,0,0
Wed Dec 09 2020,0,0,0,0,0,0,0,0,0,0,0,0,0,0,0,0,0,0,0.0105,0,0,0,0,0,0,0,0
Thu Dec 10 2020,0,0,0,0,0,0,0,1,0,0,0,0,0,0,0,0,0,0,0,0,0,0,0,0,0,0,0
Fri Dec 11 2020,0,0,10.05,525,25,0,0,1,0,96,18,3014,300,56,7.145,0,0,0,0.077,0,0,3,3,0,0,0,0
Sat Dec 12 2020,0,0,0,0,0,0,0,0,0,0,0,0,0,0,0,0,2.1,0,0,0,0,0,0,0,0,1,1
Sun Dec 13 2020,0,0,5.74,145,11,0,0,2,0,38,9,1004,174,30,0,0,0,3.25,0.0385,0,0,0,0,0,0,0,0
Mon Dec 14 2020,0,0,0,0,0,0,0,1,0,0,0,0,0,0,0,0,0,0,0,0,0,0,0,0,0,0,0
Tue Dec 15 2020,0,0,0,0,0,0,0,0,0,0,0,0,0,0,0,0,0,0,0,0,0,0,0,0,0,0,0
Wed Dec 16 2020,0,0,0,0,0,0,0,0,0,0,0,0,0,0,0,0,0,0,0,0,0,0,0,0,0,0,0
Thu Dec 17 2020,0,0,0,0,0,0,0,0,0,0,0,0,0,0,0,0,0,0,0.0035,0,0,0,0,0,0,0,0
Fri Dec 18 2020,0,0,5.54,362,19,0,0,2,30.3,94,12,1713,309,59,0,0,0,0,0.0595,0,0,0,0,0,0,0,0
Sat Dec 19 2020,0,0,0,0,0,0,0,0,0,0,0,0,0,0,0,0,2.39,0,0,0,0,0,0,0,0,1,1
Sun Dec 20 2020,0,0,0,0,0,0,0,0,0,0,0,0,0,0,2.425,0,0,0,0.0035,0,0,1,1,0,0,0,0
Mon Dec 21 2020,0,0,7.67,315,19,0,0,1,0.09,64,16,1059,137,42,0,0,0,0,0.0525,0,0,0,0,0,0,0,0
Tue Dec 22 2020,0,0,0,0,0,0,0,0,0,0,0,0,0,0,4.76,0,0,30,0,0,0,2,2,0,0,0,0
Wed Dec 23 2020,0,0,0,0,0,0,0,0,0,0,0,0,0,0,0,0,0,0,0,0,0,0,0,0,0,0,0
Thu Dec 24 2020,0,0,0,0,0,0,0,0,0,0,0,0,0,0,0,0,0,0,0,0,0,0,0,0,0,0,0
Fri Dec 25 2020,0,0,0,0,0,0,0,0,0,0,0,0,0,0,0,0,0,0,0,0,0,0,0,0,0,0,0
Sat Dec 26 2020,0,0,7.21,1487,22,0,0,1,0.03,86,14,3029,420,53,2.375,0,0,0,0.0385,0,0,1,1,0,0,0,0
Sun Dec 27 2020,0,0,12.43,273,7,0,0,0,0,2,13,174,14,2,2.385,0,0,0,0.007,0,0,1,1,0,0,0,0
Mon Dec 28 2020,0,0,5.86,1081,22,0,0,0,0,108,13,3125,534,53,0,0,0,0,0.0665,0,0,0,0,0,0,0,0
Tue Dec 29 2020,0,0,0,0,0,0,0,0,0,0,0,0,0,0,0,2.495,0,0.02,0,0,1,0,0,0,0,0,0
Wed Dec 30 2020,0,0,0,0,0,5,0,0,0,0,0,0,0,0,2.3,0,0,0,0,0,0,1,1,0,0,0,0
Thu Dec 31 2020,0,0,4.43,213,11,0,0,0,0,36,10,913,206,26,4.68,0,0,0,0.0105,0,0,2,2,0,0,0,0
Fri Jan 01 2021,0,0,0,0,0,0,0,0,0,0,0,0,0,0,2.375,0,0,0,0,0,0,1,1,0,0,0,0
Sat Jan 02 2021,0,0,6.51,474,14,0,0,1,5.38,48,13,1302,201,28,0,0,0,0,0.007,0,0,0,0,0,0,0,0
Sun Jan 03 2021,0,0,0,0,0,0,0,1,0,0,0,0,0,0,0,0,0,0,0.0035,0,0,0,0,0,0,0,0
Mon Jan 04 2021,0,0,7.08,309,13,0,0,0,0.1,25,11,1020,141,18,0,0,0,0,0,0,0,0,0,0,0,0,0
Tue Jan 05 2021,0,0,0,15,1,0,0,0,0,0,0,0,0,0,4.675,0,4.735,0,0,0,0,2,2,0,0,2,2
Wed Jan 06 2021,0,0,0,89,5,0,0,0,0,0,0,0,0,0,0,0,0,0,0.0035,0,0,0,0,0,0,0,0
Thu Jan 07 2021,0,0,0,0,0,0,0,0,0,0,0,0,0,0,0,0,0,0,0.0035,0,0,0,0,0,0,0,0
Fri Jan 08 2021,0,0,9.36,743,27,0,0,10,3.46,84,17,3791,404,48,0,0,0,0,0,0,0,0,0,0,0,0,0
Sat Jan 09 2021,0,0,10,53,6,0,0,1,15.71,0,12,70,6,0,0,0,0,0,0,0.4,0,0,0,0,0,0,0
Sun Jan 10 2021,0,0,0,0,0,0,0,4,0,0,0,0,0,0,0,0,0,0,0,0,0,0,0,0,0,0,0
Mon Jan 11 2021,0,0,0,0,0,0,0,0,0,0,0,0,0,0,7.145,0,0,0,0,0,0,3,3,0,0,0,0
Tue Jan 12 2021,0,0,0,0,0,0,0,0,0,0,0,0,0,0,0,0,0,0,0,0,0,0,0,0,0,0,0
Wed Jan 13 2021,0,0,0,0,0,0,0,0,0,0,0,0,0,0,0,0,0,0,0,0,0,0,0,0,0,0,0
Thu Jan 14 2021,0,0,0,0,0,0,0,0,0,0,0,0,0,0,0,0,0,0,0,0,0,0,0,0,0,0,0
Fri Jan 15 2021,0,0,6.41,333,12,0,0,1,14.27,35,12,1058,165,23,0,0,0,0,0.007,0,0,0,0,0,0,0,0
Sat Jan 16 2021,0,0,0,0,0,0,0,0,0,0,0,0,0,0,4.825,0,2.39,0,0,0,0,1,0,1,0,1,1
Sun Jan 17 2021,0,0,0,0,0,0,0,0,0,0,0,0,0,0,0,0,0,0,0,0,0,0,0,0,0,0,0
Mon Jan 18 2021,0,0,0,2,1,0,0,0,0,0,0,0,0,0,0,0,0,0,0,0,0,0,0,0,0,0,0
Tue Jan 19 2021,0,0,0,0,0,0,0,0,0,0,0,0,0,0,0,0,0,0,0,0,0,0,0,0,0,0,0
Wed Jan 20 2021,0,0,0,0,0,0,0,0,0,0,0,0,0,0,2.425,0,0,0,0,0,0,1,1,0,0,0,0
Thu Jan 21 2021,0,0,0,0,0,0,0,0,0,0,0,0,0,0,0,0,0,0,0,0,0,0,0,0,0,0,0
Fri Jan 22 2021,0,0,6.66,786,20,0,0,1,11.08,66,13,1471,220,42,2.385,0,0,0,0.0105,0,0,1,1,0,0,0,0
Sat Jan 23 2021,0,0,0,0,0,0,0,1,0,0,0,0,0,0,0,0,2.38,0,0,0,0,0,0,0,0,1,1
Sun Jan 24 2021,0,0,0,0,0,0,0,0,0,0,0,0,0,0,0,0,0,0,0,0,0,0,0,0,0,0,0
Mon Jan 25 2021,0,0,8.24,537,23,0,0,7,12.61,68,28,1491,181,44,0,0,0,0,0.0105,0,0,0,0,0,0,0,0
Tue Jan 26 2021,0,0,0,0,0,0,0,1,0,0,0,0,0,0,0,0,2.225,0,0,0,0,0,0,0,0,1,1
Wed Jan 27 2021,0,0,0,0,0,0,0,0,0,0,0,0,0,0,2.385,0,0,0,0,0,0,1,1,0,0,0,0
Thu Jan 28 2021,0,0,0,0,0,0,0,1,0,0,0,0,0,0,0,0,0,0,0.0035,0,0,0,0,0,0,0,0
Fri Jan 29 2021,0,0,7.4,862,19,0,1,3,25.34,87,13,1776,240,47,0,0,0,0,0.0245,0,0,0,0,0,0,0,0
Sat Jan 30 2021,0,0,0,0,0,0,0,0,0,0,0,0,0,0,14.325,0,2.305,0,0,0,0,2,1,0,1,1,1
Sun Jan 31 2021,0,0,0,0,0,0,0,0,0,0,0,0,0,0,4.68,0,0,0,0,0,0,2,2,0,0,0,0
Mon Feb 01 2021,0,0,0,0,0,0,0,0,0,0,0,0,0,0,2.375,0,0,0,0,0,0,1,1,0,0,0,0
Tue Feb 02 2021,0,0,0,0,0,0,0,0,0,0,0,0,0,0,0,0,0,0,0,0,0,0,0,0,0,0,0
Wed Feb 03 2021,0,0,0,1,1,0,0,0,0,0,0,0,0,0,0,0,0,0,0,0,0,0,0,0,0,0,0
Thu Feb 04 2021,0,0,0,0,0,0,0,0,0,0,0,0,0,0,0,0,0,0,0,0,0,0,0,0,0,0,0
Fri Feb 05 2021,0,0,0,0,0,0,0,0,0,0,0,0,0,0,4.68,0,0,0,0,0,0,2,2,0,0,0,0
Sat Feb 06 2021,0,0,0,0,0,0,0,0,0,0,0,0,0,0,0,0,0,0,0,0,0,0,0,0,0,0,0
Sun Feb 07 2021,0,0,0,0,0,0,0,0,0,0,0,0,0,0,0,0,0,0,0,0,0,0,0,0,0,0,0
Mon Feb 08 2021,0,0,0,0,0,0,0,0,0,0,0,0,0,0,0,0,0,0,0,0,0,0,0,0,0,0,0
Tue Feb 09 2021,0,0,0,0,0,0,0,0,0,0,0,0,0,0,0,0,0,0,0,0,0,0,0,0,0,0,0
Wed Feb 10 2021,0,0,0,0,0,0,0,0,0,0,0,0,0,0,0,0,0,0,0.0035,0,0,0,0,0,0,0,0
Thu Feb 11 2021,0,0,0,0,0,0,0,0,0,0,0,0,0,0,7.145,0,0,0,0,0,0,3,3,0,0,0,0
Fri Feb 12 2021,0,0,0,0,0,0,0,0,0,0,0,0,0,0,0,0,0,0,0,0,0,0,0,0,0,0,0
Sat Feb 13 2021,0,0,0,0,0,0,0,0,0,0,0,0,0,0,0,0,0,0,0,0,0,0,0,0,0,0,0
Sun Feb 14 2021,0,0,0,0,0,0,0,0,0,0,0,0,0,0,0,0,0,0,0,0,0,0,0,0,0,0,0
Mon Feb 15 2021,0,0,0,0,0,0,0,0,0,0,0,0,0,0,0,0,0,0,0,0,0,0,0,0,0,0,0
Tue Feb 16 2021,0,0,0,0,0,0,0,0,0,0,0,0,0,0,4.825,0,0,0,0,0,0,1,0,1,0,0,0
Wed Feb 17 2021,0,0,0,0,0,0,0,0,0,0,0,0,0,0,0,0,0,0,0,0,0,0,0,0,0,0,0
Thu Feb 18 2021,0,0,0,0,0,0,0,0,0,0,0,0,0,0,0,0,0,0,0,0,0,0,0,0,0,0,0
Fri Feb 19 2021,0,0,0,0,0,0,0,0,0,0,0,0,0,0,0,0,0,0,0,0,0,0,0,0,0,0,0
Sat Feb 20 2021,0,0,0,0,0,0,0,1,0,0,0,0,0,0,2.43,0,0,0,0,0,0,1,1,0,0,0,0
Sun Feb 21 2021,0,0,0,0,0,0,0,0,0,0,0,0,0,0,0,0,0,0,0,0,0,0,0,0,0,0,0
Mon Feb 22 2021,0,0,0,0,0,0,0,0,0,0,0,0,0,0,2.385,0,0,0,0,0,0,1,1,0,0,0,0
Tue Feb 23 2021,0,0,0,0,0,0,0,0,0,0,0,0,0,0,0,0,0,0,0,0,0,0,0,0,0,0,0
Wed Feb 24 2021,0,0,6.47,164,14,0,0,0,0.32,39,13,634,96,30,2.1,0,0,0,0.0245,0,0,1,1,0,0,0,0
Thu Feb 25 2021,0,0,0,0,0,0,0,0,0,0,0,0,0,0,2.305,0,0,0,0,0,0,1,1,0,0,0,0
Fri Feb 26 2021,0,0,0,0,0,0,0,0,0,0,0,0,0,0,0,0,0,0,0,0,0,0,0,0,0,0,0
Sat Feb 27 2021,0,0,0,0,0,0,0,0,0,0,0,0,0,0,2.385,0,0,0,0,0,0,1,1,0,0,0,0
Sun Feb 28 2021,0,0,0,0,0,0,0,1,0,0,0,0,0,0,6.98,0,0,0,0.0035,0,0,3,3,0,0,0,0
Mon Mar 01 2021,0,0,0,0,0,0,0,1,0,0,0,0,0,0,2.375,0,0,0,0,0,0,1,1,0,0,0,0
Tue Mar 02 2021,0,0,0,0,0,0,0,0,0,0,0,0,0,0,0,0,0,0,0.0035,0,0,0,0,0,0,0,0
Wed Mar 03 2021,0,0,5.11,424,13,0,0,0,0,34,10,567,111,22,0,0,0,0,0.021,0,0,0,0,0,0,0,0
Thu Mar 04 2021,0,0,0,0,0,0,0,0,0,0,0,0,0,0,0,2.495,0,0,0,0,1,0,0,0,0,0,0
Fri Mar 05 2021,0,0,5.83,247,10,0,0,3,0,34,13,536,92,24,0,0,0,0,0.0035,0,0,0,0,0,0,0,0
Sat Mar 06 2021,0,0,14.94,321,14,0,0,3,46.65,41,31,1046,69,31,2.385,0,12.18,4,0,0,0,1,1,0,0,5,5
Sun Mar 07 2021,0,0,0,0,0,0,0,1,0,0,0,0,0,0,0,0,0,0,0,0,0,0,0,0,0,0,0
Mon Mar 08 2021,0,0,0,0,0,0,0,0,0,0,0,0,0,0,0,0,0,0,0,0,0,0,0,0,0,0,0
Tue Mar 09 2021,0,0,0,0,0,0,0,0,0,0,0,0,0,0,0,0,0,0,0,0,0,0,0,0,0,0,0
Wed Mar 10 2021,0,0,0,0,0,0,0,0,0,0,0,0,0,0,0,0,0,0,0,0,0,0,0,0,0,0,0
Thu Mar 11 2021,0,0,0,0,0,0,0,0,0,0,0,0,0,0,7.145,0,0,0,0,0,0,3,3,0,0,0,0
Fri Mar 12 2021,0,0,0,0,0,0,0,0,0,0,0,0,0,0,0,0,0,0,0,0,0,0,0,0,0,0,0
Sat Mar 13 2021,0,0,0,0,0,0,0,0,0,0,0,0,0,0,0,0,0,0,0,0,0,0,0,0,0,0,0
Sun Mar 14 2021,0,0,0,0,0,0,0,0,0,0,0,0,0,0,0,0,0,0,0,0,0,0,0,0,0,0,0
Mon Mar 15 2021,0,0,0,0,0,0,0,0,0,0,0,0,0,0,0,0,0,0,0,0,0,0,0,0,0,0,0
Tue Mar 16 2021,0,0,5.3,255,14,0,0,1,7.32,26,9,519,98,17,4.825,0,0,0,0.0105,0,0,1,0,1,0,0,0
Wed Mar 17 2021,0,0,0,0,0,0,0,0,0,0,0,0,0,0,0,0,0,0,0.0105,2,0,0,0,0,0,0,0
Thu Mar 18 2021,0,0,0,0,0,0,0,0,0,0,0,0,0,0,0,0,0,0,0,0,0,0,0,0,0,0,0
Fri Mar 19 2021,0,0,0,0,0,0,0,0,0,0,0,0,0,0,0,0,0,0,0,0,0,0,0,0,0,0,0
Sat Mar 20 2021,0,0,0,0,0,0,0,0,0,0,0,0,0,0,2.43,0,0,0,0,0,0,1,1,0,0,0,0
Sun Mar 21 2021,0,0,0,0,0,0,0,0,0,0,0,0,0,0,0,0,0,0,0,0,0,0,0,0,0,0,0
Mon Mar 22 2021,0,0,0,0,0,0,0,0,0,0,0,0,0,0,2.385,0,0,0,0,0,0,1,1,0,0,0,0
Tue Mar 23 2021,0,0,6,157,11,0,0,0,11.15,37,11,816,136,28,0,0,0,0,0.035,0,0,0,0,0,0,0,0
Wed Mar 24 2021,0,0,0,0,0,0,0,0,0,0,0,0,0,0,0,0,0,0,0.0035,0,0,0,0,0,0,0,0
Thu Mar 25 2021,0,0,0,0,0,0,0,0,0,0,0,0,0,0,0,0,0,0,0,0,0,0,0,0,0,0,0
Fri Mar 26 2021,0,0,0,0,0,0,0,0,0,0,0,0,0,0,0,0,0,0,0,0,0,0,0,0,0,0,0
Sat Mar 27 2021,0,0,0,0,0,0,0,0,0,0,0,0,0,0,2.385,0,0,0,0,0,0,1,1,0,0,0,0
Sun Mar 28 2021,0,0,0,0,0,0,0,0,0,0,0,0,0,0,0,0,0,0,0,0,0,0,0,0,0,0,0
Mon Mar 29 2021,0,0,0,0,0,0,0,0,0,0,0,0,0,0,0,0,0,0,0,0,0,0,0,0,0,0,0
Tue Mar 30 2021,0,0,0,0,0,0,0,0,0,0,0,0,0,0,2.3,0,0,0,0,0,0,1,1,0,0,0,0
Wed Mar 31 2021,0,0,0,0,0,0,0,0,0,0,0,0,0,0,4.68,0,0,0,0,0,0,2,2,0,0,0,0
Thu Apr 01 2021,0,0,7.81,312,13,0,0,0,0,27,12,742,95,20,2.375,0,0,0,0.014,0,0,1,1,0,0,0,0
Fri Apr 02 2021,0,0,0,0,0,0,0,0,0,0,0,0,0,0,0,0,2.38,1.01,0,0,0,0,0,0,0,1,1
Sat Apr 03 2021,0,0,0,0,0,0,0,0,0,0,0,0,0,0,0,0,0,0,0,0,0,0,0,0,0,0,0
Sun Apr 04 2021,0,0,0,0,0,0,0,0,0,0,0,0,0,0,0,0,0,0,0,0,0,0,0,0,0,0,0
Mon Apr 05 2021,0,0,0,0,0,0,0,0,0,0,0,0,0,0,0,0,0,0,0,0,0,0,0,0,0,0,0
Tue Apr 06 2021,0,0,0,0,0,0,0,0,0,0,0,0,0,0,2.385,0,0,0,0,0,0,1,1,0,0,0,0
Wed Apr 07 2021,0,0,0,0,0,0,0,0,0,0,0,0,0,0,0,0,0,0,0,0,0,0,0,0,0,0,0
Thu Apr 08 2021,0,0,0,0,0,0,0,0,0,0,0,0,0,0,0,0,0,0,0,0,0,0,0,0,0,0,0
Fri Apr 09 2021,0,0,0,0,0,0,0,0,0,0,0,0,0,0,0,0,0,0,0,0,0,0,0,0,0,0,0
Sat Apr 10 2021,0,0,0,0,0,0,0,0,0,0,0,0,0,0,0,0,0,0,0,0,0,0,0,0,0,0,0
Sun Apr 11 2021,0,0,0,0,0,0,0,0,0,0,0,0,0,0,7.145,0,0,0,0,0,0,3,3,0,0,0,0
Mon Apr 12 2021,0,0,0,0,0,0,0,0,0,0,0,0,0,0,0,0,0,0,0,0,0,0,0,0,0,0,0
Tue Apr 13 2021,0,0,0,0,0,0,0,0,0,0,0,0,0,0,0,0,0,0,0,0,0,0,0,0,0,0,0
Wed Apr 14 2021,0,0,5.76,176,10,0,1,0,8.51,34,10,599,104,23,0,0,0,0,0.007,0,0,0,0,0,0,0,0
Thu Apr 15 2021,0,0,0,0,0,0,0,0,0,0,0,0,0,0,0,0,0,0,0,0,0,0,0,0,0,0,0
Fri Apr 16 2021,0,0,0,0,0,0,0,0,0,0,0,0,0,0,4.825,0,0,0,0,0,0,1,0,1,0,0,0
Sat Apr 17 2021,0,0,0,0,0,0,0,1,0,0,0,0,0,0,0,0,0,0,0,0,0,0,0,0,0,0,0
Sun Apr 18 2021,0,0,0,0,0,0,0,0,0,0,0,0,0,0,0,0,0,0,0,0,0,0,0,0,0,0,0
Mon Apr 19 2021,0,0,6.29,503,11,0,0,0,0.1,21,11,969,154,17,0,0,0,0,0.021,0,0,0,0,0,0,0,0
Tue Apr 20 2021,0,0,0,0,0,0,0,2,0,0,0,0,0,0,2.425,2.495,0,0,0.0035,0,1,1,1,0,0,0,0
Wed Apr 21 2021,0,0,0,0,0,0,0,1,0,0,0,0,0,0,0,0,0,0,0,0,0,0,0,0,0,0,0
Thu Apr 22 2021,0,0,0,0,0,0,0,0,0,0,0,0,0,0,2.385,0,0,0,0,0,0,1,1,0,0,0,0
Fri Apr 23 2021,0,0,0,0,0,0,0,0,0,0,0,0,0,0,0,0,0,0,0,0,0,0,0,0,0,0,0
Sat Apr 24 2021,0,0,0,0,0,0,0,0,0,0,0,0,0,0,0,0,0,0,0,0,0,0,0,0,0,0,0
Sun Apr 25 2021,0,0,0,0,0,0,0,0,0,0,0,0,0,0,0,0,0,0,0,0,0,0,0,0,0,0,0
Mon Apr 26 2021,0,0,4.43,163,8,0,0,0,0,31,7,717,163,28,0,0,0,0,0.021,0,0,0,0,0,0,0,0
Tue Apr 27 2021,0,0,0,0,0,0,0,0,0,0,0,0,0,0,14.41,0,0,0,0,0,0,2,1,0,1,0,0
Wed Apr 28 2021,0,0,0,0,0,1,0,0,0,0,0,0,0,0,0,0,0,0,0,0,0,0,0,0,0,0,0
Thu Apr 29 2021,0,0,4.21,54,5,0,0,0,0,10,7,257,62,10,0,0,0,0,0.007,0,0,0,0,0,0,0,0
Fri Apr 30 2021,0,0,0,0,0,0,0,0,0,0,0,0,0,0,6.98,0,0,0,0,0,0,3,3,0,0,0,0
Sat May 01 2021,0,0,0,0,0,0,0,0,0,0,0,0,0,0,0,0,0,0,0,0,0,0,0,0,0,0,0
Sun May 02 2021,0,0,0,0,0,0,0,0,0,0,0,0,0,0,0,0,0,0,0,0,0,0,0,0,0,0,0
Mon May 03 2021,0,0,0,0,0,0,0,0,0,0,0,0,0,0,0,0,0,0,0,0,0,0,0,0,0,0,0
Tue May 04 2021,0,0,0,0,0,0,0,0,0,0,0,0,0,0,0,0,0,0,0,0,0,0,0,0,0,0,0
Wed May 05 2021,0,0,0,0,0,0,0,0,0,0,0,0,0,0,0,0,0,0,0,0,0,0,0,0,0,0,0
Thu May 06 2021,0,0,0,0,0,0,0,0,0,0,0,0,0,0,2.385,0,0,0,0,0,0,1,1,0,0,0,0
Fri May 07 2021,0,0,0,0,0,0,0,0,0,0,0,0,0,0,0,0,0,0,0,0,0,0,0,0,0,0,0
Sat May 08 2021,0,0,0,0,0,0,0,3,0,0,0,0,0,0,0,0,0,0,0,0,0,0,0,0,0,0,0
Sun May 09 2021,0,0,0,0,0,0,0,0,0,0,0,0,0,0,0,0,0,0,0,0,0,0,0,0,0,0,0
Mon May 10 2021,0,0,0,0,0,0,0,0,0,0,0,0,0,0,0,0,0,0,0,0,0,0,0,0,0,0,0
Tue May 11 2021,0,0,0,0,0,0,0,0,0,0,0,0,0,0,4.76,0,0,0,0,0,0,2,2,0,0,0,0
Wed May 12 2021,0,0,0,0,0,0,0,0,0,0,0,0,0,0,0,0,0,0,0,0,0,0,0,0,0,0,0
Thu May 13 2021,0,0,0,0,0,0,0,0,0,0,0,0,0,0,0,0,0,0,0,0,0,0,0,0,0,0,0
Fri May 14 2021,0,0,0,0,0,0,0,0,0,0,0,0,0,0,0,0,0,0,0,0,0,0,0,0,0,0,0
Sat May 15 2021,0,0,0,0,0,0,0,0,0,0,0,0,0,0,0,0,0,0,0,0,0,0,0,0,0,0,0
Sun May 16 2021,0,0,0,0,0,0,0,0,0,0,0,0,0,0,4.825,0,0,0,0,0,0,1,0,1,0,0,0
Mon May 17 2021,0,0,5.24,308,9,0,0,0,0,27,7,534,103,16,0,0,0,0,0.007,0,0,0,0,0,0,0,0
Tue May 18 2021,0,0,5.06,34,4,0,0,1,18.68,4,6,91,18,3,0,0,0,0,0.0035,2.6,0,0,0,0,0,0,0
Wed May 19 2021,0,0,0,0,0,0,0,0,0,0,0,0,0,0,0,0,0,0,0,0,0,0,0,0,0,0,0
Thu May 20 2021,0,0,7.87,348,18,0,0,1,6.87,50,14,1471,187,32,2.43,0,0,0,0.0455,0,0,1,1,0,0,0,0
Fri May 21 2021,0,0,0,0,0,0,0,0,0,0,0,0,0,0,2.37,0,0,0,0,0.8,0,1,1,0,0,0,0
Sat May 22 2021,0,0,0,0,0,0,0,0,0,0,0,0,0,0,0,0,0,0,0,0,0,0,0,0,0,0,0
Sun May 23 2021,0,0,0,0,0,0,0,0,0,0,0,0,0,0,0,0,0,0,0,0,0,0,0,0,0,0,0
Mon May 24 2021,0,0,0,0,0,0,0,0,0,0,0,0,0,0,0,0,0,0,0,0,0,0,0,0,0,0,0
Tue May 25 2021,0,0,0,0,0,0,0,0,0,0,0,0,0,0,0,0,0,0,0,0,0,0,0,0,0,0,0
Wed May 26 2021,0,0,0,0,0,0,0,0,0,0,0,0,0,0,0,0,0,0,0,0,0,0,0,0,0,0,0
Thu May 27 2021,0,0,0,0,0,0,0,0,0,0,0,0,0,0,14.41,0,0,0,0,0,0,2,1,0,1,0,0
Fri May 28 2021,0,0,9.3,372,14,0,2,0,26.17,56,15,1544,166,31,0,0,0,0,0.007,0,0,0,0,0,0,0,0
Sat May 29 2021,0,0,9.59,40,5,0,0,0,20.25,1,13,326,34,1,0,0,0,0,0,0,0,0,0,0,0,0,0
Sun May 30 2021,0,0,0,0,0,0,0,0,0,0,0,0,0,0,2.3,0,0,0,0,0,0,1,1,0,0,0,0
Mon May 31 2021,0,0,0,1,1,0,0,0,0,0,0,0,0,0,2.375,0,0,0,0,0,0,1,1,0,0,0,0
Tue Jun 01 2021,0,0,6.88,317,16,0,0,3,17.14,51,15,1342,195,33,0,0,0,0,0.035,0,0,0,0,0,0,0,0
Wed Jun 02 2021,0,0,0,0,0,0,0,0,0,0,0,0,0,0,0,0,0,4,0,0,0,0,0,0,0,0,0
Thu Jun 03 2021,0,0,0,1,1,0,0,0,0,0,0,0,0,0,0,0,0,0,0,0,0,0,0,0,0,0,0
Fri Jun 04 2021,0,0,0,0,0,0,0,0,0,0,0,0,0,0,0,0,0,0,0.007,0,0,0,0,0,0,0,0
Sat Jun 05 2021,0,0,0,0,0,0,0,0,0,0,0,0,0,0,0,0,0,0,0.0035,0,0,0,0,0,0,0,0
Sun Jun 06 2021,0,0,7.1,589,19,0,0,3,4.87,81,13,2548,359,50,0,2.495,0,0,0.035,0,1,0,0,0,0,0,0
Mon Jun 07 2021,0,0,0,0,0,0,0,1,0,0,0,0,0,0,0,0,0,0.01,0,0,0,0,0,0,0,0,0
Tue Jun 08 2021,0,0,8.69,386,13,0,0,2,0.08,64,14,1182,137,33,0,0,0,0,0.0315,0,0,0,0,0,0,0,0
Wed Jun 09 2021,0,0,0,1,1,0,0,0,0,0,0,0,0,0,0,0,2.095,0.01,0,0.8,0,0,0,0,0,1,1
Thu Jun 10 2021,0,0,11.71,576,18,6,1,2,13.72,127,24,2705,231,66,0,0,0,0,0.0035,0,0,0,0,0,0,0,0
Fri Jun 11 2021,0,0,0,0,0,0,0,0,0,0,0,0,0,0,4.76,0,0,0,0,0,0,2,2,0,0,0,0
Sat Jun 12 2021,0,0,0,0,0,0,0,0,0,0,0,0,0,0,0,0,0,0,0,0,0,0,0,0,0,0,0
Sun Jun 13 2021,0,0,0,0,0,0,0,1,0,0,0,0,0,0,0,0,0,0,0,0,0,0,0,0,0,0,0
Mon Jun 14 2021,0,0,5.18,199,15,0,0,5,21.26,55,16,668,130,33,0,0,0,0,0.0245,0,0,0,0,0,0,0,0
Tue Jun 15 2021,0,0,0,0,0,0,0,0,0,0,0,0,0,0,0,0,0,0,0.0035,0,0,0,0,0,0,0,0
Wed Jun 16 2021,0,0,0,0,0,0,0,0,0,0,0,0,0,0,4.825,0,0,0,0.007,0,0,1,0,1,0,0,0
Thu Jun 17 2021,0,0,0,0,0,0,0,0,0,0,0,0,0,0,0,0,0,0,0,0,0,0,0,0,0,0,0
Fri Jun 18 2021,0,0,0,0,0,0,0,0,0,0,0,0,0,0,0,0,0,0,0,0,0,0,0,0,0,0,0
Sat Jun 19 2021,0,0,5.36,538,17,1,3,2,8.54,57,10,1206,226,36,0,0,0,0,0.063,0,0,0,0,0,0,0,0
Sun Jun 20 2021,0,0,0,0,0,0,0,0,0,0,0,0,0,0,2.43,0,0,0,0,0,0,1,1,0,0,0,0
Mon Jun 21 2021,0,0,0,0,0,0,0,1,0,0,0,0,0,0,0,0,0,0,0,0,0,0,0,0,0,0,0
Tue Jun 22 2021,0,0,6.95,438,17,0,1,3,0,79,15,1445,209,46,0,0,0,0,0.056,0,0,0,0,0,0,0,0
Wed Jun 23 2021,0,0,5.7,128,5,0,0,0,0,6,7,154,26,5,0,0,0,0,0.0035,0,0,0,0,0,0,0,0
Thu Jun 24 2021,0,0,0,0,0,0,0,0,0,0,0,0,0,0,0,0,0,0,0,0,0,0,0,0,0,0,0
Fri Jun 25 2021,0,0,0,0,0,0,0,0,0,0,0,0,0,0,0,0,0,0,0,0,0,0,0,0,0,0,0
Sat Jun 26 2021,0,0,0,0,0,0,0,1,0,0,0,0,0,0,0,0,0,0,0,0,0,0,0,0,0,0,0
Sun Jun 27 2021,0,0,0,0,0,0,0,0,0,0,0,0,0,0,14.41,0,0,0,0,0,0,2,1,0,1,0,0
Mon Jun 28 2021,0,0,9.89,389,19,0,3,5,0,140,19,1780,180,116,0,0,0,0,0.0875,0,0,0,0,0,0,0,0
Tue Jun 29 2021,0,0,13.36,154,11,1,0,1,0,34,17,561,42,27,0,2.495,12.16,0,0.028,0,1,0,0,0,0,5,5
Wed Jun 30 2021,0,0,0,0,0,1,0,1,0,0,0,0,0,0,4.675,0,0,0,0.0035,0,0,2,2,0,0,0,0
Thu Jul 01 2021,0,0,0,0,0,0,0,1,0,0,0,0,0,0,0,0,0,0,0.0035,0,0,0,0,0,0,0,0
Fri Jul 02 2021,0,0,0,0,0,0,0,0,0,0,0,0,0,0,0,0,0,0,0,0,0,0,0,0,0,0,0
Sat Jul 03 2021,0,0,0,0,0,0,0,0,0,0,0,0,0,0,0,0,0,0,0,0,0,0,0,0,0,0,0
Sun Jul 04 2021,0,0,0,0,0,0,0,0,0,0,0,0,0,0,0,0,0,0,0,0,0,0,0,0,0,0,0
Mon Jul 05 2021,0,0,0,0,0,0,0,0,0,0,0,0,0,0,0,0,0,0,0,0,0,0,0,0,0,0,0
Tue Jul 06 2021,0,0,0,0,0,0,0,0,0,0,0,0,0,0,0,0,0,0,0,0,0,0,0,0,0,0,0
Wed Jul 07 2021,0,0,3.96,235,10,0,0,1,0,37,9,638,162,30,0,0,0,0,0.007,0,0,0,0,0,0,0,0
Thu Jul 08 2021,0,0,0,0,0,0,0,0,0,0,0,0,0,0,2.305,0,0,0,0,0,0,1,1,0,0,0,0
Fri Jul 09 2021,0,0,0,0,0,0,0,0,0,0,0,0,0,0,0,0,0,0,0,0,0,0,0,0,0,0,0
Sat Jul 10 2021,0,0,0,0,0,0,0,0,0,0,0,0,0,0,0,0,0,0,0.0035,0,0,0,0,0,0,0,0
Sun Jul 11 2021,0,0,0,0,0,0,0,0,0,0,0,0,0,0,4.76,0,0,0,0.0035,0,0,2,2,0,0,0,0
Mon Jul 12 2021,0,0,0,0,0,0,0,0,0,0,0,0,0,0,0,0,0,0,0.0035,0,0,0,0,0,0,0,0
Tue Jul 13 2021,0,0,0,0,0,0,0,1,0,0,0,0,0,0,0,0,0,0,0,0,0,0,0,0,0,0,0
Wed Jul 14 2021,0,0,0,0,0,0,0,0,0,0,0,0,0,0,0,0,0,0,0,0,0,0,0,0,0,0,0
Thu Jul 15 2021,0,0,0,0,0,0,0,0,0,0,0,0,0,0,0,0,0,0,0,0,0,0,0,0,0,0,0
Fri Jul 16 2021,0,0,0,0,0,0,0,0,0,0,0,0,0,0,4.825,0,0,0,0.0035,0,0,1,0,1,0,0,0
Sat Jul 17 2021,0,0,0,0,0,0,0,0,0,0,0,0,0,0,0,0,0,0,0.0035,0,0,0,0,0,0,0,0
Sun Jul 18 2021,0,0,0,0,0,0,0,0,0,0,0,0,0,0,0,0,0,0,0,0,0,0,0,0,0,0,0
Mon Jul 19 2021,0,0,11.46,760,33,0,2,16,7.66,252,27,2900,252,192,0,0,0,0,0.1155,0,0,0,0,0,0,0,0
Tue Jul 20 2021,0,0,0,0,0,0,0,0,0,0,0,0,0,0,4.83,0,0,0,0.0105,0,0,2,2,0,0,0,0
Wed Jul 21 2021,0,0,0,0,0,0,0,0,0,0,0,0,0,0,0,0,0,0,0,0,0,0,0,0,0,0,0
Thu Jul 22 2021,0,0,0,1,1,0,0,0,0,0,0,0,0,0,0,0,0,0,0.0035,0,0,0,0,0,0,0,0
Fri Jul 23 2021,0,0,0,0,0,0,0,0,0,0,0,0,0,0,0,0,0,0,0,0,0,0,0,0,0,0,0
Sat Jul 24 2021,0,0,6.82,292,15,0,0,1,0,31,11,893,131,27,0,0,2.095,0,0.035,1.6,0,0,0,0,0,1,1
Sun Jul 25 2021,0,0,5.27,445,23,0,1,8,0,120,16,1654,315,86,0,0,0,0,0.077,0,0,0,0,0,0,0,0
Mon Jul 26 2021,0,0,9.8,35,6,2,1,0,0,7,12,147,15,7,2.3,2.495,0,0.01,0.0105,0,1,1,1,0,0,0,0
Tue Jul 27 2021,0,0,0,0,0,8,0,1,0,0,0,0,0,0,12.025,0,0,0,0,0,0,1,0,0,1,0,0
Wed Jul 28 2021,0,0,0,0,0,2,0,0,0,0,0,0,0,0,0,0,0,0,0,0,0,0,0,0,0,0,0
Thu Jul 29 2021,0,0,4.9,368,14,2,0,1,0,41,9,1327,271,27,0,0,0,0,0.0455,0,0,0,0,0,0,0,0
Fri Jul 30 2021,0,0,7.7,144,7,0,0,1,0,10,10,354,46,8,2.3,0,0,0,0.0175,0,0,1,1,0,0,0,0
Sat Jul 31 2021,0,0,0,0,0,0,0,0,0,0,0,0,0,0,2.375,0,0,0,0,0,0,1,1,0,0,0,0
Sun Aug 01 2021,0,0,0,0,0,0,0,0,0,0,0,0,0,0,0,0,0,0,0,0,0,0,0,0,0,0,0
Mon Aug 02 2021,0,0,0,0,0,0,0,0,0,0,0,0,0,0,0,0,0,0,0,0,0,0,0,0,0,0,0
Tue Aug 03 2021,0,0,0,0,0,0,0,0,0,0,0,0,0,0,0,0,0,0,0,0,0,0,0,0,0,0,0
Wed Aug 04 2021,0,0,0,0,0,0,0,0,0,0,0,0,0,0,0,0,0,0,0,0,0,0,0,0,0,0,0
Thu Aug 05 2021,0,0,0,0,0,0,0,0,0,0,0,0,0,0,0,0,0,0,0,0,0,0,0,0,0,0,0
Fri Aug 06 2021,0,0,10.61,485,20,0,0,3,0,121,16,1782,168,99,0,0,0,0,0.0945,0,0,0,0,0,0,0,0
Sat Aug 07 2021,0,0,13.82,150,10,0,0,3,14.39,62,22,1216,88,53,0,2.36,0,0,0.028,0,1,0,0,0,0,0,0
Sun Aug 08 2021,0,0,0,0,0,0,0,0,0,0,0,0,0,0,0,0,0,0,0,0,0,0,0,0,0,0,0
Mon Aug 09 2021,0,0,3.94,241,13,0,0,0,0,38,9,980,249,29,0,0,0,0,0.049,0,0,0,0,0,0,0,0
Tue Aug 10 2021,0,0,6.89,166,4,0,0,0,0,6,10,310,45,5,2.305,0,0,0,0.014,0,0,1,1,0,0,0,0
Wed Aug 11 2021,0,0,0,0,0,0,0,0,0,0,0,0,0,0,4.76,0,0,0,0.0035,0,0,2,2,0,0,0,0
Thu Aug 12 2021,0,0,0,0,0,0,0,0,0,0,0,0,0,0,0,0,0,0,0,0,0,0,0,0,0,0,0
Fri Aug 13 2021,0,0,0,0,0,0,0,0,0,0,0,0,0,0,0,0,0,0,0,0,0,0,0,0,0,0,0
Sat Aug 14 2021,0,0,0,0,0,0,0,0,0,0,0,0,0,0,0,0,0,0,0,0,0,0,0,0,0,0,0
Sun Aug 15 2021,0,0,0,0,0,0,0,0,0,0,0,0,0,0,0,0,0,0,0.0035,0,0,0,0,0,0,0,0
Mon Aug 16 2021,0,0,4.25,148,12,5,0,6,29.35,41,13,603,141,32,4.825,0,0,0,0.042,0,0,1,0,1,0,0,0
Tue Aug 17 2021,0,0,0,0,0,0,0,0,0,0,0,0,0,0,0,0,0,0,0.0035,0,0,0,0,0,0,0,0
Wed Aug 18 2021,0,0,7.64,337,13,0,1,0,0,42,14,1237,163,27,0,0,0,0,0.042,0,0,0,0,0,0,0,0
Thu Aug 19 2021,0,0,7.93,49,5,0,0,0,0,6,10,230,29,5,2.375,0,0,0,0.007,0,0,1,1,0,0,0,0
Fri Aug 20 2021,0,0,0,0,0,0,0,0,0,0,0,0,0,0,4.83,0,0,0,0,0,0,2,2,0,0,0,0
Sat Aug 21 2021,0,0,0,0,0,0,0,0,0,0,0,0,0,0,0,0,0,0,0,0,0,0,0,0,0,0,0
Sun Aug 22 2021,0,0,0,0,0,0,0,0,0,0,0,0,0,0,0,0,0,0,0,0,0,0,0,0,0,0,0
Mon Aug 23 2021,0,0,0,0,0,0,0,0,0,0,0,0,0,0,0,0,0,0,0.0035,0,0,0,0,0,0,0,0
Tue Aug 24 2021,0,0,0,0,0,0,0,0,0,0,0,0,0,0,0,0,0,0,0,0,0,0,0,0,0,0,0
Wed Aug 25 2021,0,0,0,0,0,0,0,0,0,0,0,0,0,0,0,0,0,0,0,0,0,0,0,0,0,0,0
Thu Aug 26 2021,0,0,0,0,0,0,0,0,0,0,0,0,0,0,0,0,0,0,0,0,0,0,0,0,0,0,0
Fri Aug 27 2021,0,0,0,2,2,0,0,0,0,0,0,0,0,0,12.025,0,0,0,0.0035,0,0,1,0,0,1,0,0
Sat Aug 28 2021,0,0,0,0,0,0,0,0,0,0,0,0,0,0,0,0,0,0,0,0,0,0,0,0,0,0,0
Sun Aug 29 2021,0,0,0,0,0,0,0,0,0,0,0,0,0,0,0,0,0,0,0,0,0,0,0,0,0,0,0
Mon Aug 30 2021,0,0,0,0,0,0,0,0,0,0,0,0,0,0,2.345,0,0,0,0.0035,0,0,1,1,0,0,0,0
Tue Aug 31 2021,0,0,0,0,0,0,0,0,0,1,0,0,0,1,2.375,0,0,0,0,0,0,1,1,0,0,0,0
Wed Sep 01 2021,0,0,0,0,0,0,0,1,0,0,0,0,0,0,0,0,0,0,0,0,0,0,0,0,0,0,0
Thu Sep 02 2021,0,0,0,0,0,0,0,0,0,0,0,0,0,0,0,0,0,0,0,0,0,0,0,0,0,0,0
Fri Sep 03 2021,0,0,0,0,0,0,0,0,0,0,0,0,0,0,0,0,0,0,0,0,0,0,0,0,0,0,0
Sat Sep 04 2021,0,0,0,0,0,0,0,0,0,0,0,0,0,0,0,0,0,0,0,0,0,0,0,0,0,0,0
Sun Sep 05 2021,0,0,0,0,0,0,0,0,0,0,0,0,0,0,0,0,0,0,0,0,0,0,0,0,0,0,0
Mon Sep 06 2021,0,0,0,0,0,0,0,0,0,1,0,0,0,1,0,0,0,0,0,0,0,0,0,0,0,0,0
Tue Sep 07 2021,0,0,0,0,0,0,0,0,0,0,0,0,0,0,0,0,0,0,0,0,0,0,0,0,0,0,0
Wed Sep 08 2021,0,0,0,0,0,0,0,0,0,0,0,0,0,0,0,0,0,0,0,0,0,0,0,0,0,0,0
Thu Sep 09 2021,0,0,0,0,0,0,0,0,0,0,0,0,0,0,0,0,0,0,0,0,0,0,0,0,0,0,0
Fri Sep 10 2021,0,0,8.89,2196,20,0,1,8,1.26,60,18,1672,189,38,0,0,0,0,0.028,0,0,0,0,0,0,0,0
Sat Sep 11 2021,0,0,7.93,747,11,0,0,1,0,30,13,555,70,17,4.76,0,0,0,0.0245,0,0,2,2,0,0,0,0
Sun Sep 12 2021,0,0,0,0,0,0,0,0,0,0,0,0,0,0,0,0,0,0,0,0,0,0,0,0,0,0,0
Mon Sep 13 2021,0,0,0,0,0,0,0,1,0,0,0,0,0,0,0,0,0,0,0,0,0,0,0,0,0,0,0
Tue Sep 14 2021,0,0,0,0,0,0,0,0,0,0,0,0,0,0,0,0,0,0,0.0035,0,0,0,0,0,0,0,0
Wed Sep 15 2021,0,0,0,0,0,0,0,0,0,0,0,0,0,0,0,0,0,0,0,0,0,0,0,0,0,0,0
Thu Sep 16 2021,0,0,0,0,0,0,0,0,0,0,0,0,0,0,4.825,0,0,0,0,0,0,1,0,1,0,0,0
Fri Sep 17 2021,0,0,0,0,0,0,0,0,0,0,0,0,0,0,0,0,0,0,0,0,0,0,0,0,0,0,0
Sat Sep 18 2021,0,0,0,0,0,0,0,0,0,0,0,0,0,0,0,0,0,0,0,0,0,0,0,0,0,0,0
Sun Sep 19 2021,0,0,0,0,0,0,0,0,0,0,0,0,0,0,2.375,0,0,0,0,0,0,1,1,0,0,0,0
Mon Sep 20 2021,0,0,0,0,0,0,0,0,0,0,0,0,0,0,4.83,0,0,0,0,0,0,2,2,0,0,0,0
Tue Sep 21 2021,0,0,0,0,0,0,0,0,0,0,0,0,0,0,0,0,0,0,0,0,0,0,0,0,0,0,0
Wed Sep 22 2021,0,0,0,0,0,0,0,0,0,1,0,0,0,1,0,0,0,0,0.0035,0,0,0,0,0,0,0,0
Thu Sep 23 2021,0,0,0,0,0,0,0,0,0,0,0,0,0,0,0,0,0,0,0,0,0,0,0,0,0,0,0
Fri Sep 24 2021,0,0,0,0,0,0,0,1,0,0,0,0,0,0,0,0,0,0,0,0,0,0,0,0,0,0,0
Sat Sep 25 2021,0,0,0,0,0,0,0,0,0,0,0,0,0,0,0,0,0,0,0,0,0,0,0,0,0,0,0
Sun Sep 26 2021,0,0,7.91,131,12,0,0,26,17.2,39,15,1099,140,30,0,0,0,0,0.0385,0,0,0,0,0,0,0,0
Mon Sep 27 2021,0,0,9.35,1794,23,0,1,5,14.18,70,13,1841,197,37,12.025,0,0,5,0.0595,0.8,0,1,0,0,1,0,0
Tue Sep 28 2021,0,0,0,0,0,0,0,0,0,0,0,0,0,0,0,0,0,0,0,0,0,0,0,0,0,0,0
Wed Sep 29 2021,0,0,0,0,0,0,0,0,0,0,0,0,0,0,0,0,0,0,0,0,0,0,0,0,0,0,0
Thu Sep 30 2021,0,0,0,0,0,0,0,2,0,0,0,0,0,0,4.72,0,0,0,0,0,0,2,2,0,0,0,0
Fri Oct 01 2021,0,0,0,0,0,43,0,0,0,0,0,0,0,0,0,0,0,0,0,0,0,0,0,0,0,0,0
Sat Oct 02 2021,0,0,0,0,0,0,0,1,0,1,0,0,0,1,0,0,0,0,0.0035,0,0,0,0,0,0,0,0
Sun Oct 03 2021,0,0,10.2,3827,45,0,0,12,0.48,247,23,4620,452,80,0,0,0,0,0.1785,0,0,0,0,0,0,0,0
Mon Oct 04 2021,0,0,0,0,0,0,0,0,0,0,0,0,0,0,2.305,0,0,0.2,0.007,0.2,0,1,1,0,0,0,0
Tue Oct 05 2021,0,0,0,4,1,5,0,1,0,0,0,0,0,0,0,0,0,0,0.0035,0,0,0,0,0,0,0,0
Wed Oct 06 2021,0,0,0,0,0,0,0,1,0,0,0,0,0,0,0,0,0,0,0.0035,0,0,0,0,0,0,0,0
Thu Oct 07 2021,0,0,0,0,0,0,0,0,0,0,0,0,0,0,0,0,0,0,0,0,0,0,0,0,0,0,0
Fri Oct 08 2021,0,0,0,0,0,0,0,0,0,0,0,0,0,0,0,0,0,0,0,0,0,0,0,0,0,0,0
Sat Oct 09 2021,0,0,0,0,0,0,0,0,0,0,0,0,0,0,0,0,0,0,0,0,0,0,0,0,0,0,0
Sun Oct 10 2021,0,0,0,0,0,0,0,0,0,0,0,0,0,0,0,0,0,0,0,0,0,0,0,0,0,0,0
Mon Oct 11 2021,0,0,6.34,332,9,0,0,5,0,85,13,1166,184,57,4.76,0,0,0,0.063,0,0,2,2,0,0,0,0
Tue Oct 12 2021,0,0,0,0,0,0,0,0,0,0,0,0,0,0,0,0,0,0,0,0,0,0,0,0,0,0,0
Wed Oct 13 2021,0,0,5.76,228,11,0,0,0,1.21,61,10,1324,229,36,0,0,0,0,0.0525,0,0,0,0,0,0,0,0
Thu Oct 14 2021,0,0,0,0,0,0,0,0,0,0,0,0,0,0,0,0,0,0,0,0,0,0,0,0,0,0,0
Fri Oct 15 2021,0,0,0,0,0,0,0,0,0,0,0,0,0,0,0,0,0,0,0.0035,0,0,0,0,0,0,0,0
Sat Oct 16 2021,0,0,0,0,0,0,0,0,0,0,0,0,0,0,4.825,0,0,0,0,0,0,1,0,1,0,0,0
Sun Oct 17 2021,0,0,0,0,0,0,0,0,0,0,0,0,0,0,0,0,0,0,0,0,0,0,0,0,0,0,0
Mon Oct 18 2021,0,0,0,0,0,0,0,0,0,0,0,0,0,0,0,0,0,0,0.0035,0,0,0,0,0,0,0,0
Tue Oct 19 2021,0,0,0,0,0,0,0,0,0,0,0,0,0,0,2.375,0,0,0,0.0035,0,0,1,1,0,0,0,0
Wed Oct 20 2021,0,0,0,0,0,0,0,0,0,0,0,0,0,0,2.435,0,0,0,0,0,0,1,1,0,0,0,0
Thu Oct 21 2021,0,0,0,0,0,0,0,0,0,0,0,0,0,0,0,0,0,0,0,0,0,0,0,0,0,0,0
Fri Oct 22 2021,0,0,0,0,0,0,0,0,0,0,0,0,0,0,0,0,0,0,0,0,0,0,0,0,0,0,0
Sat Oct 23 2021,0,0,0,0,0,0,0,0,0,0,0,0,0,0,0,0,0,0,0,0,0,0,0,0,0,0,0
Sun Oct 24 2021,0,0,0,0,0,0,0,0,0,0,0,0,0,0,0,0,0,0,0,0,0,0,0,0,0,0,0
Mon Oct 25 2021,0,0,5.84,204,15,0,0,1,12.49,39,20,865,148,32,0,0,0,0,0.056,0,0,0,0,0,0,0,0
Tue Oct 26 2021,0,0,0,0,0,0,0,0,0,0,0,0,0,0,0,0,0,0,0.0035,0,0,0,0,0,0,0,0
Wed Oct 27 2021,0,0,0,0,0,0,0,0,0,0,0,0,0,0,12.025,0,0,0,0.0035,0,0,1,0,0,1,0,0
Thu Oct 28 2021,0,0,0,0,0,0,0,0,0,0,0,0,0,0,0,0,0,0,0,0,0,0,0,0,0,0,0
Fri Oct 29 2021,0,0,0,0,0,0,0,0,0,0,0,0,0,0,0,0,0,0,0,0,0,0,0,0,0,0,0
Sat Oct 30 2021,0,0,0,0,0,0,0,0,0,0,0,0,0,0,2.3,0,0,0,0,0,0,1,1,0,0,0,0
Sun Oct 31 2021,0,0,0,0,0,0,0,0,0,0,0,0,0,0,0,0,0,0,0.0035,0,0,0,0,0,0,0,0
Mon Nov 01 2021,0,0,0,0,0,0,0,0,0,0,0,0,0,0,0,0,0,0,0,0,0,0,0,0,0,0,0
Tue Nov 02 2021,0,0,0,0,0,0,0,0,0,0,0,0,0,0,0,0,0,0,0,0,0,0,0,0,0,0,0
Wed Nov 03 2021,0,0,0,0,0,0,0,0,0,0,0,0,0,0,0,0,0,0,0,0,0,0,0,0,0,0,0
Thu Nov 04 2021,0,0,0,0,0,0,0,0,0,0,0,0,0,0,0,0,0,0,0,0,0,0,0,0,0,0,0
Fri Nov 05 2021,0,0,0,0,0,0,0,0,0,0,0,0,0,0,0,0,0,0,0,0,0,0,0,0,0,0,0
Sat Nov 06 2021,0,0,9.61,451,19,0,0,4,11.55,73,15,2901,302,51,0,4.15,0,0.01,0.1715,0,2,0,0,0,0,0,0
Sun Nov 07 2021,0,0,0,0,0,0,0,0,0,0,0,0,0,0,0,0,0,0,0,0,0,0,0,0,0,0,0
Mon Nov 08 2021,0,0,0,0,0,0,0,0,0,0,0,0,0,0,0,0,0,0,0,0,0,0,0,0,0,0,0
Tue Nov 09 2021,0,0,2.73,283,8,0,0,0,0,28,6,385,141,23,0,0,0,0,0.0385,0,0,0,0,0,0,0,0
Wed Nov 10 2021,0,0,0,0,0,0,0,0,0,0,0,0,0,0,0,0,0,0,0.0035,0,0,0,0,0,0,0,0
Thu Nov 11 2021,0,0,0,0,0,0,0,0,0,0,0,0,0,0,4.76,0,0,0,0,0,0,2,2,0,0,0,0
Fri Nov 12 2021,0,0,5.44,118,9,0,0,0,0,31,9,1626,299,23,0,0,0,0,0.126,0,0,0,0,0,0,0,0
Sat Nov 13 2021,0,0,7.5,146,11,0,0,1,11.23,19,12,1238,165,16,0,0,0,0,0.084,0,0,0,0,0,0,0,0
Sun Nov 14 2021,0,0,0,0,0,0,0,0,0,0,0,0,0,0,0,0,0,0,0.0035,0,0,0,0,0,0,0,0
Mon Nov 15 2021,0,0,0,0,0,0,0,0,0,0,0,0,0,0,0,0,0,0,0,0,0,0,0,0,0,0,0
Tue Nov 16 2021,0,0,0,0,0,0,0,0,0,0,0,0,0,0,4.825,0,0,0,0.007,0,0,1,0,1,0,0,0
Wed Nov 17 2021,0,0,0,0,0,0,0,0,0,0,0,0,0,0,0,0,0,0,0.0035,0,0,0,0,0,0,0,0
Thu Nov 18 2021,0,0,0,0,0,0,0,0,0,0,0,0,0,0,0,0,0,0,0,0,0,0,0,0,0,0,0
Fri Nov 19 2021,0,0,0,0,0,0,0,0,0,0,0,0,0,0,2.375,0,0,0,0,0,0,1,1,0,0,0,0
Sat Nov 20 2021,0,0,0,0,0,0,0,0,0,0,0,0,0,0,2.43,0,0,0,0,0,0,1,1,0,0,0,0
Sun Nov 21 2021,0,0,0,0,0,0,0,0,0,0,0,0,0,0,0,0,0,0,0,0,0,0,0,0,0,0,0
Mon Nov 22 2021,0,0,6.84,305,14,0,1,0,0,50,10,1778,261,29,0,0,0,0,0.0945,0,0,0,0,0,0,0,0
Tue Nov 23 2021,0,0,0,0,0,3,0,0,0,0,0,0,0,0,0,0,0,0,0,0,0,0,0,0,0,0,0
Wed Nov 24 2021,0,0,2.68,22,7,0,0,0,0,17,5,316,118,15,0,0,0,0,0.042,0,0,0,0,0,0,0,0
Thu Nov 25 2021,0,0,0,0,0,0,0,0,0,0,0,0,0,0,0,0,0,0,0,0,0,0,0,0,0,0,0
Fri Nov 26 2021,0,0,0,0,0,0,0,0,0,0,0,0,0,0,0,0,0,0,0,0,0,0,0,0,0,0,0
Sat Nov 27 2021,0,0,0,0,0,0,0,0,0,0,0,0,0,0,0,0,0,0,0,0,0,0,0,0,0,0,0
Sun Nov 28 2021,0,0,0,0,0,0,0,0,0,0,0,0,0,0,0,0,0,0,0,0,0,0,0,0,0,0,0
Mon Nov 29 2021,0,0,7.87,437,15,0,0,2,0,30,10,1172,149,24,0,0,0,0,0.105,0,0,0,0,0,0,0,0
Tue Nov 30 2021,0,0,0,0,0,0,0,0,0,0,0,0,0,0,0,0,0,0,0.007,0,0,0,0,0,0,0,0
Wed Dec 01 2021,0,0,0,0,0,0,0,0,0,0,0,0,0,0,0,0,0,0,0.0035,0,0,0,0,0,0,0,0
Thu Dec 02 2021,0,0,0,0,0,0,0,0,0,0,0,0,0,0,0,0,0,0,0.0035,0,0,0,0,0,0,0,0
Fri Dec 03 2021,0,0,0,0,0,0,0,0,0,0,0,0,0,0,0,0,0,0,0,0,0,0,0,0,0,0,0
Sat Dec 04 2021,0,0,0,0,0,0,0,0,0,0,0,0,0,0,0,0,0,0,0,0,0,0,0,0,0,0,0
Sun Dec 05 2021,0,0,0,0,0,0,0,0,0,0,0,0,0,0,0,0,0,0,0,0,0,0,0,0,0,0,0
Mon Dec 06 2021,0,0,0,0,0,0,0,0,0,0,0,0,0,0,0,0,0,0,0,0,0,0,0,0,0,0,0
Tue Dec 07 2021,0,0,0,0,0,0,0,0,0,0,0,0,0,0,0,0,0,0,0,0,0,0,0,0,0,0,0
Wed Dec 08 2021,0,0,0,0,0,0,0,0,0,0,0,0,0,0,0,0,0,0,0,0,0,0,0,0,0,0,0
Thu Dec 09 2021,0,0,0,0,0,0,0,0,0,0,0,0,0,0,0,0,0,0,0,0,0,0,0,0,0,0,0
Fri Dec 10 2021,0,0,0,0,0,0,0,0,0,0,0,0,0,0,0,0,0,0,0,0,0,0,0,0,0,0,0
Sat Dec 11 2021,0,0,0,0,0,0,0,0,0,0,0,0,0,0,4.76,0,0,0,0,0,0,2,2,0,0,0,0
Sun Dec 12 2021,0,0,0,0,0,0,0,0,0,0,0,0,0,0,0,0,0,0,0,0,0,0,0,0,0,0,0
Mon Dec 13 2021,0,0,0,0,0,0,0,0,0,0,0,0,0,0,0,0,0,0,0,0,0,0,0,0,0,0,0
Tue Dec 14 2021,0,0,0,0,0,0,0,0,0,0,0,0,0,0,0,0,0,0,0,0,0,0,0,0,0,0,0
Wed Dec 15 2021,0,0,3.85,132,12,0,0,2,13,40,11,554,144,28,0,0,0,0,0.0525,0,0,0,0,0,0,0,0
Thu Dec 16 2021,0,0,0,0,0,0,0,0,0,0,0,0,0,0,4.825,0,0,0,0,0,0,1,0,1,0,0,0
Fri Dec 17 2021,0,0,0,0,0,0,0,0,0,0,0,0,0,0,0,0,0,0,0,0,0,0,0,0,0,0,0
Sat Dec 18 2021,0,0,0,0,0,0,0,0,0,0,0,0,0,0,0,0,0,0,0,0,0,0,0,0,0,0,0
Sun Dec 19 2021,0,0,0,0,0,0,0,0,0,0,0,0,0,0,2.375,0,0,0,0,0,0,1,1,0,0,0,0
Mon Dec 20 2021,0,0,5.64,692,15,0,0,0,0,34,9,976,174,27,2.43,0,0,0,0.077,0,0,1,1,0,0,0,0
Tue Dec 21 2021,0,0,0,0,0,0,0,0,0,0,0,0,0,0,2.305,0,0,0,0,0,0,1,1,0,0,0,0
Wed Dec 22 2021,0,0,0,0,0,0,0,0,0,0,0,0,0,0,0,0,0,0,0,0,0,0,0,0,0,0,0
Thu Dec 23 2021,0,0,0,0,0,0,0,0,0,0,0,0,0,0,0,0,0,0,0,0,0,0,0,0,0,0,0
Fri Dec 24 2021,0,0,0,0,0,0,0,0,0,0,0,0,0,0,0,0,0,0,0,0,0,0,0,0,0,0,0
Sat Dec 25 2021,0,0,0,0,0,0,0,0,0,0,0,0,0,0,0,0,0,0,0,0,0,0,0,0,0,0,0
Sun Dec 26 2021,0,0,0,0,0,0,0,0,0,0,0,0,0,0,0,0,0,0,0,0,0,0,0,0,0,0,0
Mon Dec 27 2021,0,0,0,0,0,0,0,0,0,0,0,0,0,0,0,0,0,0,0,0,0,0,0,0,0,0,0
Tue Dec 28 2021,0,0,0,0,0,0,0,0,0,0,0,0,0,0,0,0,0,0,0,0,0,0,0,0,0,0,0
Wed Dec 29 2021,0,0,0,0,0,0,0,0,0,0,0,0,0,0,0,0,0,0,0,0,0,0,0,0,0,0,0
Thu Dec 30 2021,0,0,0,0,0,0,0,0,0,0,0,0,0,0,0,0,0,0,0,0,0,0,0,0,0,0,0
Fri Dec 31 2021,0,0,0,0,0,0,0,0,0,0,0,0,0,0,0,0,0,0,0,0,0,0,0,0,0,0,0
Sat Jan 01 2022,0,0,0,0,0,0,0,2,0,0,0,0,0,0,0,0,0,0,0,0,0,0,0,0,0,0,0
Sun Jan 02 2022,0,0,11.73,359,28,0,0,14,11.79,214,25,2605,222,160,0,0,0,0,0.126,0,0,0,0,0,0,0,0
Mon Jan 03 2022,0,0,7.91,312,16,0,0,2,0,145,16,1646,209,115,0,0,0,0,0.084,0,0,0,0,0,0,0,0
Tue Jan 04 2022,0,0,6.94,132,9,0,0,5,0,66,15,708,102,55,0,2.49,0,0,0.084,0,1,0,0,0,0,0,0
Wed Jan 05 2022,0,0,0,0,0,0,0,1,0,0,0,0,0,0,0,0,0,0,0.0035,0,0,0,0,0,0,0,0
Thu Jan 06 2022,0,0,3.65,89,5,0,0,1,0,21,7,288,80,16,0,0,0,0,0.0245,0,0,0,0,0,0,0,0
Fri Jan 07 2022,0,0,6.62,31,1,0,0,1,0,2,7,172,26,1,0,0,0,0,0.0035,0,0,0,0,0,0,0,0
Sat Jan 08 2022,0,0,0,0,0,0,0,0,0,1,0,0,0,1,0,0,0,0,0,0,0,0,0,0,0,0,0
Sun Jan 09 2022,0,0,0,0,0,0,0,0,0,1,0,0,0,1,0,0,0,0,0,0,0,0,0,0,0,0,0
Mon Jan 10 2022,0,0,0,0,0,0,0,0,0,0,0,0,0,0,0,0,0,0,0.0035,0,0,0,0,0,0,0,0
Tue Jan 11 2022,0,0,0,0,0,0,0,0,0,2,0,0,0,1,2.375,0,0,0,0,0,0,1,1,0,0,0,0
Wed Jan 12 2022,0,0,0,0,0,0,0,0,0,0,0,0,0,0,0,0,0,0,0,0,0,0,0,0,0,0,0
Thu Jan 13 2022,0,0,0,0,0,0,0,0,0,0,0,0,0,0,0,0,0,0,0,0,0,0,0,0,0,0,0
Fri Jan 14 2022,0,0,0,0,0,0,0,0,0,0,0,0,0,0,0,0,0,0,0,0,0,0,0,0,0,0,0
Sat Jan 15 2022,0,0,0,0,0,0,0,0,0,0,0,0,0,0,0,0,0,0,0,0,0,0,0,0,0,0,0
Sun Jan 16 2022,0,0,0,0,0,0,0,0,0,0,0,0,0,0,4.825,0,0,0,0,0,0,1,0,1,0,0,0
Mon Jan 17 2022,0,0,6.86,478,12,0,1,2,6.67,50,15,1515,221,34,0,0,0,0,0.056,0,0,0,0,0,0,0,0
Tue Jan 18 2022,0,0,0,0,0,0,0,0,0,0,0,0,0,0,0,0,0,0,0.0105,0,0,0,0,0,0,0,0
Wed Jan 19 2022,0,0,0,0,0,0,0,0,0,0,0,0,0,0,2.375,0,0,0,0.007,0,0,1,1,0,0,0,0
Thu Jan 20 2022,0,0,0,0,0,0,0,0,0,0,0,0,0,0,2.435,0,0,0,0,0,0,1,1,0,0,0,0
Fri Jan 21 2022,0,0,0,0,0,0,0,0,0,0,0,0,0,0,0,0,0,0,0,0,0,0,0,0,0,0,0
Sat Jan 22 2022,0,0,0,0,0,0,0,0,0,0,0,0,0,0,0,0,0,0,0,0,0,0,0,0,0,0,0
Sun Jan 23 2022,0,0,0,0,0,0,0,0,0,0,0,0,0,0,0,0,0,0,0,0,0,0,0,0,0,0,0
Mon Jan 24 2022,0,0,0,0,0,0,0,0,0,0,0,0,0,0,0,0,0,0,0.0105,0,0,0,0,0,0,0,0
Tue Jan 25 2022,0,0,0,0,0,0,0,0,0,0,0,0,0,0,0,0,0,0,0,0,0,0,0,0,0,0,0
Wed Jan 26 2022,0,0,0,0,0,0,0,0,0,0,0,0,0,0,0,0,0,0,0,0,0,0,0,0,0,0,0
Thu Jan 27 2022,0,0,0,0,0,0,0,0,0,0,0,0,0,0,0,0,0,0,0,0,0,0,0,0,0,0,0
Fri Jan 28 2022,0,0,0,0,0,0,0,0,0,0,0,0,0,0,0,0,0,0,0,0,0,0,0,0,0,0,0
Sat Jan 29 2022,0,0,0,0,0,0,0,0,0,0,0,0,0,0,0,0,0,0,0,0,0,0,0,0,0,0,0
Sun Jan 30 2022,0,0,0,0,0,0,0,0,0,0,0,0,0,0,0,0,0,0,0,0,0,0,0,0,0,0,0
Mon Jan 31 2022,0,0,0,0,0,0,0,0,0,0,0,0,0,0,0,0,0,0,0,0,0,0,0,0,0,0,0
Tue Feb 01 2022,0,0,0,0,0,0,0,0,0,0,0,0,0,0,0,0,0,0,0,0,0,0,0,0,0,0,0
Wed Feb 02 2022,0,0,0,0,0,0,0,0,0,0,0,0,0,0,0,0,0,0,0,0,0,0,0,0,0,0,0
Thu Feb 03 2022,0,0,7.49,282,7,0,1,2,0,25,10,944,126,23,0,0,0,0,0.028,0,0,0,0,0,0,0,0
Fri Feb 04 2022,0,0,8.06,110,6,0,0,0,1.99,9,11,653,80,8,0,2.36,2.38,0,0.007,0,1,0,0,0,0,1,1
Sat Feb 05 2022,0,0,0,0,0,0,0,0,0,0,0,0,0,0,0,0,0,0,0,0,0,0,0,0,0,0,0
Sun Feb 06 2022,0,0,0,0,0,0,0,0,0,0,0,0,0,0,0,0,0,0,0,0,0,0,0,0,0,0,0
Mon Feb 07 2022,0,0,9.64,574,14,0,0,4,0,102,15,1677,174,80,0,0,0,0,0.1015,0,0,0,0,0,0,0,0
Tue Feb 08 2022,0,0,10.35,439,6,0,0,0,0,14,14,497,48,11,0,0,0,5,0.014,0,0,0,0,0,0,0,0
Wed Feb 09 2022,0,0,0,0,0,0,0,0,0,0,0,0,0,0,0,0,0,0,0,0,0,0,0,0,0,0,0
Thu Feb 10 2022,0,0,0,0,0,0,0,0,0,0,0,0,0,0,0,0,0,0,0,0,0,0,0,0,0,0,0
Fri Feb 11 2022,0,0,0,0,0,0,0,0,0,0,0,0,0,0,2.375,0,0,0,0,0,0,1,1,0,0,0,0
Sat Feb 12 2022,0,0,0,0,0,0,0,0,0,0,0,0,0,0,0,0,0,0,0.0035,0,0,0,0,0,0,0,0
Sun Feb 13 2022,0,0,0,0,0,0,0,0,0,0,0,0,0,0,0,0,0,0,0,0,0,0,0,0,0,0,0
Mon Feb 14 2022,0,0,0,0,0,0,0,0,0,0,0,0,0,0,0,0,0,0,0,0,0,0,0,0,0,0,0
Tue Feb 15 2022,0,0,0,0,0,0,0,0,0,1,0,0,0,1,0,0,0,0,0,0,0,0,0,0,0,0,0
Wed Feb 16 2022,0,0,0,0,0,0,0,0,0,0,0,0,0,0,4.825,0,0,0,0,0,0,1,0,1,0,0,0
Thu Feb 17 2022,0,0,0,0,0,0,0,0,0,0,0,0,0,0,0,0,0,0,0,0,0,0,0,0,0,0,0
Fri Feb 18 2022,0,0,0,0,0,0,0,0,0,0,0,0,0,0,0,0,0,0,0,0,0,0,0,0,0,0,0
Sat Feb 19 2022,0,0,0,0,0,0,0,0,0,0,0,0,0,0,2.375,0,0,0,0,0,0,1,1,0,0,0,0
Sun Feb 20 2022,0,0,0,0,0,0,0,0,0,0,0,0,0,0,2.435,0,0,0,0,0,0,1,1,0,0,0,0
Mon Feb 21 2022,0,0,0,0,0,0,0,0,0,0,0,0,0,0,0,0,0,0,0,0,0,0,0,0,0,0,0
Tue Feb 22 2022,0,0,0,0,0,0,0,0,0,0,0,0,0,0,0,0,0,0,0,0,0,0,0,0,0,0,0
Wed Feb 23 2022,0,0,0,0,0,0,0,0,0,0,0,0,0,0,0,0,0,0,0,0,0,0,0,0,0,0,0
Thu Feb 24 2022,0,0,0,0,0,0,0,0,0,0,0,0,0,0,0,0,0,0,0,0,0,0,0,0,0,0,0
Fri Feb 25 2022,0,0,0,0,0,0,0,0,0,0,0,0,0,0,0,0,0,0,0,0,0,0,0,0,0,0,0
Sat Feb 26 2022,0,0,0,0,0,0,0,0,0,0,0,0,0,0,0,0,0,0,0,0,0,0,0,0,0,0,0
Sun Feb 27 2022,0,0,11.27,817,38,0,2,16,10.87,233,29,5389,478,151,0,0,0,0,0.266,0.8,0,0,0,0,0,0,0
Mon Feb 28 2022,0,0,0,0,0,0,0,0,0,0,0,0,0,0,2.37,0,2.375,0,0.0035,0,0,1,1,0,0,1,1
Tue Mar 01 2022,0,0,0,0,0,0,0,0,0,0,0,0,0,0,0,0,0,0,0,0,0,0,0,0,0,0,0
Wed Mar 02 2022,0,0,0,0,0,0,0,0,0,0,0,0,0,0,0,0,0,0,0,0,0,0,0,0,0,0,0
Thu Mar 03 2022,0,0,0,0,0,0,0,0,0,0,0,0,0,0,0,0,0,0,0,0,0,0,0,0,0,0,0
Fri Mar 04 2022,0,0,0,0,0,0,0,0,0,0,0,0,0,0,0,0,0,0,0,0,0,0,0,0,0,0,0
Sat Mar 05 2022,0,0,0,0,0,0,0,0,0,0,0,0,0,0,0,0,0,0,0,0,0,0,0,0,0,0,0
Sun Mar 06 2022,0,0,0,0,0,0,0,0,0,0,0,0,0,0,0,0,0,0,0.0035,0,0,0,0,0,0,0,0
Mon Mar 07 2022,0,0,0,0,0,0,0,0,0,0,0,0,0,0,0,0,0,0,0,0,0,0,0,0,0,0,0
Tue Mar 08 2022,0,0,0,0,0,0,0,0,0,0,0,0,0,0,0,0,0,0,0,0,0,0,0,0,0,0,0
Wed Mar 09 2022,0,0,4.74,431,14,0,0,2,0,57,9,663,140,40,0,0,0,0,0.063,0,0,0,0,0,0,0,0
Thu Mar 10 2022,0,0,3.4,118,3,0,0,2,0,5,5,68,19,3,0,0,0,0,0.007,0,0,0,0,0,0,0,0
Fri Mar 11 2022,0,0,0,0,0,0,0,0,0,0,0,0,0,0,2.375,0,0,0,0,0,0,1,1,0,0,0,0
Sat Mar 12 2022,0,0,0,0,0,0,0,0,0,0,0,0,0,0,0,0,0,0,0.0035,0,0,0,0,0,0,0,0
Sun Mar 13 2022,0,0,0,0,0,0,0,0,0,0,0,0,0,0,0,0,0,0,0,0,0,0,0,0,0,0,0
Mon Mar 14 2022,0,0,0,0,0,0,0,0,0,0,0,0,0,0,0,0,0,0,0,0,0,0,0,0,0,0,0
Tue Mar 15 2022,0,0,0,0,0,0,0,0,0,0,0,0,0,0,0,0,0,0,0,0,0,0,0,0,0,0,0
Wed Mar 16 2022,0,0,0,0,0,0,0,0,0,0,0,0,0,0,4.825,0,0,0,0,0,0,1,0,1,0,0,0
Thu Mar 17 2022,0,0,0,0,0,0,0,0,0,0,0,0,0,0,0,0,0,0,0,0,0,0,0,0,0,0,0
Fri Mar 18 2022,0,0,0,0,0,0,0,0,0,0,0,0,0,0,0,0,0,0,0,0,0,0,0,0,0,0,0
Sat Mar 19 2022,0,0,0,0,0,0,0,0,0,0,0,0,0,0,2.375,0,0,0,0,0,0,1,1,0,0,0,0
Sun Mar 20 2022,0,0,0,0,0,0,0,0,0,0,0,0,0,0,2.435,0,0,0,0,0,0,1,1,0,0,0,0
Mon Mar 21 2022,0,0,8.68,261,18,0,1,2,6.55,86,13,2091,242,49,0,0,0,0,0.2205,0,0,0,0,0,0,0,0
Tue Mar 22 2022,0,0,7.42,22,2,0,0,0,0,0,8,89,11,0,0,4.72,0,0,0.0035,0,2,0,0,0,0,0,0
Wed Mar 23 2022,0,0,0,0,0,0,0,0,0,0,0,0,0,0,0,0,0,0,0,0,0,0,0,0,0,0,0
Thu Mar 24 2022,0,0,0,0,0,0,0,0,0,0,0,0,0,0,0,0,0,0,0,0,0,0,0,0,0,0,0
Fri Mar 25 2022,0,0,0,0,0,0,0,0,0,0,0,0,0,0,0,0,0,0,0,0,0,0,0,0,0,0,0
Sat Mar 26 2022,0,0,0,0,0,0,0,0,0,0,0,0,0,0,0,0,0,0,0,0,0,0,0,0,0,0,0
Sun Mar 27 2022,0,0,8.11,317,17,0,0,9,2.97,101,19,2190,270,64,0,0,0,0,0.112,0,0,0,0,0,0,0,0
Mon Mar 28 2022,0,0,10.77,882,22,0,0,5,7.54,211,19,3025,281,59,7.185,0,7.13,5,0.189,0,0,2,1,1,0,3,3
Tue Mar 29 2022,0,0,0,0,0,0,0,0,0,1,0,0,0,1,12.18,0,0,0,0,0,0,1,0,0,1,0,0
Wed Mar 30 2022,0,0,0,0,0,0,0,0,0,0,0,0,0,0,0,0,0,0,0.0035,0,0,0,0,0,0,0,0
Thu Mar 31 2022,0,0,0,0,0,0,0,0,0,0,0,0,0,0,0,0,0,0,0,0,0,0,0,0,0,0,0
Fri Apr 01 2022,0,0,0,0,0,0,0,0,0,0,0,0,0,0,0,0,0,0,0,0,0,0,0,0,0,0,0
Sat Apr 02 2022,0,0,0,0,0,0,0,0,0,0,0,0,0,0,0,0,0,0,0,0,0,0,0,0,0,0,0
Sun Apr 03 2022,0,0,5.62,180,9,0,1,1,0,50,10,1359,242,40,0,0,0,0,0.056,0,0,0,0,0,0,0,0
Mon Apr 04 2022,0,0,5.91,9,1,0,0,0,0,1,6,65,10,1,0,0,0,0,0.0105,0,0,0,0,0,0,0,0
Tue Apr 05 2022,0,0,0,0,0,1,0,0,0,0,0,0,0,0,0,0,0,0,0,0,0,0,0,0,0,0,0
Wed Apr 06 2022,0,0,0,0,0,0,0,0,0,0,0,0,0,0,0,0,0,0,0,0,0,0,0,0,0,0,0
Thu Apr 07 2022,0,0,0,0,0,0,0,0,0,0,0,0,0,0,0,0,0,0,0,0,0,0,0,0,0,0,0
Fri Apr 08 2022,0,0,0,0,0,0,0,0,0,0,0,0,0,0,0,0,0,0,0,0,0,0,0,0,0,0,0
Sat Apr 09 2022,0,0,0,0,0,0,0,0,0,0,0,0,0,0,0,0,0,0,0,0,0,0,0,0,0,0,0
Sun Apr 10 2022,0,0,0,0,0,0,0,0,0,0,0,0,0,0,0,0,0,0,0,0,0,0,0,0,0,0,0
Mon Apr 11 2022,0,0,10.99,222,22,0,2,8,18.32,98,38,1616,147,82,2.375,0,0,0,0.119,0,0,1,1,0,0,0,0
Tue Apr 12 2022,0,0,0,0,0,0,0,0,0,0,0,0,0,0,0,0,0,0,0,0,0,0,0,0,0,0,0
Wed Apr 13 2022,0,0,0,0,0,0,0,0,0,0,0,0,0,0,0,0,0,0,0,0,0,0,0,0,0,0,0
Thu Apr 14 2022,0,0,0,0,0,0,0,0,0,0,0,0,0,0,0,0,0,0,0,0,0,0,0,0,0,0,0
Fri Apr 15 2022,0,0,0,0,0,0,0,0,0,0,0,0,0,0,0,0,0,0,0,0,0,0,0,0,0,0,0
Sat Apr 16 2022,0,0,0,0,0,0,0,0,0,0,0,0,0,0,4.825,0,0,0,0,0,0,1,0,1,0,0,0
Sun Apr 17 2022,0,0,0,0,0,0,0,0,0,0,0,0,0,0,0,0,0,0,0,0,0,0,0,0,0,0,0
Mon Apr 18 2022,0,0,0,0,0,0,0,0,0,0,0,0,0,0,0,0,0,0,0,0,0,0,0,0,0,0,0
Tue Apr 19 2022,0,0,0,0,0,0,0,0,0,0,0,0,0,0,2.375,0,0,0,0,0,0,1,1,0,0,0,0
Wed Apr 20 2022,0,0,5.54,370,11,0,0,0,0,31,10,919,166,26,2.435,0,0,0,0.042,0,0,1,1,0,0,0,0
Thu Apr 21 2022,0,0,5.85,87,11,0,0,0,4.12,16,10,679,116,13,0,0,0,0,0.014,0,0,0,0,0,0,0,0
Fri Apr 22 2022,0,0,0,0,0,0,0,0,0,0,0,0,0,0,2.3,0,0,0,0,0,0,1,1,0,0,0,0
Sat Apr 23 2022,0,0,0,0,0,0,0,0,0,0,0,0,0,0,0,0,0,0,0,0,0,0,0,0,0,0,0
Sun Apr 24 2022,0,0,0,0,0,0,0,0,0,0,0,0,0,0,0,0,0,0,0.0035,0,0,0,0,0,0,0,0
Mon Apr 25 2022,0,0,0,0,0,0,0,0,0,0,0,0,0,0,0,0,0,0,0,0,0,0,0,0,0,0,0
Tue Apr 26 2022,0,0,0,0,0,0,0,0,0,0,0,0,0,0,0,0,0,0,0,0,0,0,0,0,0,0,0
Wed Apr 27 2022,0,0,2.84,22,2,0,0,0,0,9,5,142,50,7,0,0,0,0,0.007,0,0,0,0,0,0,0,0
Thu Apr 28 2022,0,0,0,0,0,0,0,0,0,1,0,0,0,1,2.37,0,0,0,0,0,0,1,1,0,0,0,0
Fri Apr 29 2022,0,0,0,0,0,0,0,0,0,0,0,0,0,0,12.185,0,0,0,0,0,0,1,0,0,1,0,0
Sat Apr 30 2022,0,0,7.52,275,12,0,0,3,19.29,110,15,1234,165,83,0,0,0,0,0.07,0,0,0,0,0,0,0,0
Sun May 01 2022,0,0,5.19,25,1,0,0,1,0,6,9,192,37,5,0,2.545,0,1,0.014,0,1,0,0,0,0,0,0
Mon May 02 2022,0,0,0,0,0,0,0,1,0,0,0,0,0,0,0,0,0,0,0,0,0,0,0,0,0,0,0
Tue May 03 2022,0,0,0,0,0,0,0,0,0,0,0,0,0,0,0,0,0,0,0.0035,0,0,0,0,0,0,0,0
Wed May 04 2022,0,0,0,0,0,0,0,0,0,0,0,0,0,0,0,0,0,0,0,0,0,0,0,0,0,0,0
Thu May 05 2022,0,0,0,0,0,0,0,0,0,0,0,0,0,0,0,0,0,0,0,0,0,0,0,0,0,0,0
Fri May 06 2022,0,0,0,0,0,0,0,0,0,0,0,0,0,0,0,0,0,0,0.0105,0,0,0,0,0,0,0,0
Sat May 07 2022,0,0,8.91,425,30,0,0,5,6.55,173,26,3770,423,140,0,0,0,0,0.252,0,0,0,0,0,0,0,0
Sun May 08 2022,0,0,0,0,0,0,0,0,0,0,0,0,0,0,0,0,0,0,0,0,0,0,0,0,0,0,0
Mon May 09 2022,0,0,0,0,0,0,0,0,0,0,0,0,0,0,0,0,0,0,0,0,0,0,0,0,0,0,0
Tue May 10 2022,0,0,0,0,0,0,0,0,0,0,0,0,0,0,0,0,0,0,0,0,0,0,0,0,0,0,0
Wed May 11 2022,0,0,0,0,0,0,0,0,0,0,0,0,0,0,2.375,0,0,0,0,0,0,1,1,0,0,0,0
Thu May 12 2022,0,0,0,0,0,0,0,0,0,0,0,0,0,0,0,0,0,0,0,0,0,0,0,0,0,0,0
Fri May 13 2022,0,0,0,0,0,0,0,0,0,0,0,0,0,0,0,0,0,0,0.0035,0,0,0,0,0,0,0,0
Sat May 14 2022,0,0,0,0,0,0,0,1,0,0,0,0,0,0,0,0,0,0,0,0,0,0,0,0,0,0,0
Sun May 15 2022,0,0,0,0,0,0,0,0,0,0,0,0,0,0,0,0,0,0,0,0,0,0,0,0,0,0,0
